Workbook

Sheet raw_data
A1: user_id | B1: signup_date | C1: experiment_group | D1: region | E1: device_type | F1: traffic_source | G1: plan_type | H1: visited_landing_page | I1: started_trial | J1: completed_onboarding | K1: converted_to_paid | L1: revenue_30d | M1: support_tickets_30d | N1: refund_requested | O1: days_to_convert | P1: engagement_score
A2: USR-100001 | B2: 45732 | C2: Control | D2: North | E2: Desktop | F2: Email | G2: Basic | H2: 0 | I2: 0 | J2: 0 | K2: 0 | L2: 0 | M2: 0 | N2: 0 | P2: 45.7
A3: USR-100002 | B3: 45724 | C3: Control | D3: West | E3: Mobile | F3: Organic | G3: Free | H3: 1 | I3: 0 | J3: 0 | K3: 0 | L3: 0 | M3: 0 | N3: 0 | P3: 48.6
A4: USR-100003 | B4: 45771 | C4: Control | D4: East | E4: Mobile | F4: Paid Search | G4: Premium | H4: 1 | I4: 0 | J4: 0 | K4: 0 | L4: 0 | M4: 1 | N4: 0 | P4: 35.4
A5: USR-100004 | B5: 45781 | C5: Control | D5: South | E5: Mobile | F5: Email | G5: Basic | H5: 1 | I5: 0 | J5: 0 | K5: 0 | L5: 0 | M5: 0 | N5: 0 | P5: 64.6
A6: USR-100005 | B6: 45700 | C6: Control | D6: North | E6: Tablet | F6: Organic | G6: Free | H6: 0 | I6: 0 | J6: 0 | K6: 0 | L6: 0 | M6: 0 | N6: 0 | P6: 66.6
A7: USR-100006 | B7: 45685 | C7: Control | D7: East | E7: Mobile | F7: Organic | G7: Premium | H7: 1 | I7: 0 | J7: 0 | K7: 0 | L7: 0 | M7: 0 | N7: 0 | P7: 40.8
A8: USR-100007 | B8: 45755 | C8: Control | D8: East | E8: Mobile | F8: Paid Search | G8: Basic | H8: 1 | I8: 1 | J8: 0 | K8: 0 | L8: 0 | M8: 0 | N8: 0 | P8: 57.1
A9: USR-100008 | B9: 45794 | C9: Control | D9: South | E9: Mobile | F9: Paid Search | G9: Free | H9: 0 | I9: 0 | J9: 0 | K9: 0 | L9: 0 | M9: 0 | N9: 0 | P9: 36.4
A10: USR-100009 | B10: 45711 | C10: Control | D10: South | E10: Tablet | F10: Referral | G10: Basic | H10: 0 | I10: 0 | J10: 0 | K10: 0 | L10: 0 | M10: 0 | N10: 0 | P10: 55.4
A11: USR-100010 | B11: 45806 | C11: Control | D11: West | E11: Desktop | F11: Social | G11: Free | H11: 1 | I11: 0 | J11: 0 | K11: 0 | L11: 0 | M11: 0 | N11: 0 | P11: 57.3
A12: USR-100011 | B12: 45777 | C12: Control | D12: East | E12: Mobile | F12: Paid Search | G12: Basic | H12: 1 | I12: 1 | J12: 1 | K12: 0 | L12: 0 | M12: 0 | N12: 0 | P12: 63.6
A13: USR-100012 | B13: 45732 | C13: Control | D13: East | E13: Mobile | F13: Social | G13: Premium | H13: 1 | I13: 1 | J13: 1 | K13: 0 | L13: 0 | M13: 1 | N13: 0 | P13: 80.4
... A60: USR-100059 | B60: 45761 | C60: Control | D60: North | E60: Mobile | F60: Social | G60: Free | H60: 0 | I60: 0 | J60: 0 | K60: 0 | L60: 0 | M60: 2 | N60: 0 | P60: 48.9
A61: USR-100060 | B61: 45658 | C61: Control | D61: West | E61: Mobile | F61: Social | G61: Free | H61: 1 | I61: 1 | J61: 1 | K61: 1 | L61: 240.42 | M61: 0 | N61: 0 | O61: 16 | P61: 56.5
A62: USR-100061 | B62: 45749 | C62: Control | D62: South | E62: Mobile | F62: Referral | G62: Free | H62: 1 | I62: 0 | J62: 0 | K62: 0 | L62: 0 | M62: 0 | N62: 0 | P62: 53.7
A63: USR-100062 | B63: 45745 | C63: Control | D63: North | E63: Mobile | F63: Social | G63: Premium | H63: 0 | I63: 0 | J63: 0 | K63: 0 | L63: 0 | M63: 0 | N63: 0 | P63: 62.2
A64: USR-100063 | B64: 45792 | C64: Control | D64: South | E64: Desktop | F64: Organic | G64: Free | H64: 1 | I64: 0 | J64: 0 | K64: 0 | L64: 0 | M64: 0 | N64: 0 | P64: 50.2
A65: USR-100064 | B65: 45758 | C65: Control | D65: North | E65: Mobile | F65: Organic | G65: Basic | H65: 1 | I65: 0 | J65: 0 | K65: 0 | L65: 0 | M65: 0 | N65: 0 | P65: 74.3
A66: USR-100065 | B66: 45723 | C66: Control | D66: South | E66: Desktop | F66: Paid Search | G66: Free | H66: 1 | I66: 0 | J66: 0 | K66: 0 | L66: 0 | M66: 0 | N66: 0 | P66: 58
A67: USR-100066 | B67: 45807 | C67: Control | D67: South | E67: Mobile | F67: Organic | G67: Free | H67: 0 | I67: 0 | J67: 0 | K67: 0 | L67: 0 | M67: 0 | N67: 0 | P67: 46.7
A68: USR-100067 | B68: 45664 | C68: Control | D68: South | E68: Desktop | F68: Organic | G68: Premium | H68: 1 | I68: 0 | J68: 0 | K68: 0 | L68: 0 | M68: 1 | N68: 0 | P68: 49.6
A69: USR-100068 | B69: 45785 | C69: Control | D69: West | E69: Mobile | F69: Social | G69: Free | H69: 0 | I69: 0 | J69: 0 | K69: 0 | L69: 0 | M69: 0 | N69: 0 | P69: 60.4
A70: USR-100069 | B70: 45735 | C70: Control | D70: East | E70: Desktop | F70: Email | G70: Free | H70: 1 | I70: 1 | J70: 1 | K70: 0 | L70: 0 | M70: 0 | N70: 0 | P70: 55.3
A71: USR-100070 | B71: 45793 | C71: Control | D71: North | E71: Desktop | F71: Organic | G71: Free | H71: 0 | I71: 0 | J71: 0 | K71: 0 | L71: 0 | M71: 0 | N71: 0 | P71: 56.2
A72: USR-100071 | B72: 45724 | C72: Control | D72: West | E72: Mobile | F72: Email | G72: Free | H72: 0 | I72: 0 | J72: 0 | K72: 0 | L72: 0 | M72: 0 | N72: 0 | P72: 29.4
A73: USR-100072 | B73: 45724 | C73: Control | D73: East | E73: Mobile | F73: Email | G73: Free | H73: 1 | I73: 0 | J73: 0 | K73: 0 | L73: 0 | M73: 0 | N73: 0 | P73: 54.2
... A79: USR-100078 | B79: 45673 | C79: Control | D79: North | E79: Mobile | F79: Organic | G79: Free | H79: 0 | I79: 0 | J79: 0 | K79: 0 | L79: 0 | M79: 2 | N79: 0 | P79: 48.4
A80: USR-100079 | B80: 45708 | C80: Control | D80: West | E80: Desktop | F80: Organic | G80: Free | H80: 1 | I80: 1 | J80: 1 | K80: 1 | L80: 457.51 | M80: 0 | N80: 0 | O80: 7 | P80: 38
A81: USR-100080 | B81: 45798 | C81: Control | D81: East | E81: Mobile | F81: Social | G81: Free | H81: 1 | I81: 0 | J81: 0 | K81: 0 | L81: 0 | M81: 0 | N81: 0 | P81: 44.2
A82: USR-100081 | B82: 45785 | C82: Control | D82: South | E82: Mobile | F82: Organic | G82: Free | H82: 1 | I82: 1 | J82: 1 | K82: 0 | L82: 0 | M82: 0 | N82: 0 | P82: 81.2
A83: USR-100082 | B83: 45724 | C83: Control | D83: South | E83: Mobile | F83: Referral | G83: Free | H83: 1 | I83: 1 | J83: 0 | K83: 0 | L83: 0 | M83: 0 | N83: 0 | P83: 63.8
A84: USR-100083 | B84: 45748 | C84: Control | D84: South | E84: Desktop | F84: Email | G84: Free | H84: 0 | I84: 0 | J84: 0 | K84: 0 | L84: 0 | M84: 0 | N84: 0 | P84: 64.7
A85: USR-100084 | B85: 45719 | C85: Control | D85: West | E85: Mobile | F85: Social | G85: Basic | H85: 0 | I85: 0 | J85: 0 | K85: 0 | L85: 0 | M85: 0 | N85: 0 | P85: 60.4
A86: USR-100085 | B86: 45763 | C86: Control | D86: South | E86: Mobile | F86: Paid Search | G86: Free | H86: 0 | I86: 0 | J86: 0 | K86: 0 | L86: 0 | M86: 0 | N86: 0 | P86: 66.6
A87: USR-100086 | B87: 45666 | C87: Control | D87: North | E87: Desktop | F87: Organic | G87: Free | H87: 1 | I87: 0 | J87: 0 | K87: 0 | L87: 0 | M87: 0 | N87: 0 | P87: 50.9
A88: USR-100087 | B88: 45679 | C88: Control | D88: West | E88: Desktop | F88: Social | G88: Basic | H88: 0 | I88: 0 | J88: 0 | K88: 0 | L88: 0 | M88: 0 | N88: 0 | P88: 51
A89: USR-100088 | B89: 45777 | C89: Control | D89: South | E89: Mobile | F89: Email | G89: Premium | H89: 0 | I89: 0 | J89: 0 | K89: 0 | L89: 0 | M89: 0 | N89: 0 | P89: 65.8
A90: USR-100089 | B90: 45772 | C90: Control | D90: North | E90: Mobile | F90: Referral | G90: Basic | H90: 1 | I90: 0 | J90: 0 | K90: 0 | L90: 0 | M90: 0 | N90: 0 | P90: 61.8
A91: USR-100090 | B91: 45689 | C91: Control | D91: North | E91: Mobile | F91: Organic | G91: Basic | H91: 1 | I91: 0 | J91: 0 | K91: 0 | L91: 0 | M91: 0 | N91: 0 | P91: 54.5
A92: USR-100091 | B92: 45770 | C92: Control | D92: South | E92: Desktop | F92: Organic | G92: Free | H92: 1 | I92: 0 | J92: 0 | K92: 0 | L92: 0 | M92: 0 | N92: 0 | P92: 72.2
... A99: USR-100098 | B99: 45699 | C99: Control | D99: North | E99: Desktop | F99: Organic | G99: Premium | H99: 1 | I99: 0 | J99: 0 | K99: 0 | L99: 0 | M99: 0 | N99: 0 | P99: 63.2
A100: USR-100099 | B100: 45699 | C100: Control | D100: East | E100: Desktop | F100: Social | G100: Free | H100: 1 | I100: 1 | J100: 1 | K100: 1 | L100: 363.32 | M100: 0 | N100: 0 | O100: 9 | P100: 55.9
A101: USR-100100 | B101: 45803 | C101: Control | D101: North | E101: Mobile | F101: Organic | G101: Free | H101: 1 | I101: 0 | J101: 0 | K101: 0 | L101: 0 | M101: 0 | N101: 0 | P101: 63.5
A102: USR-100101 | B102: 45738 | C102: Control | D102: North | E102: Mobile | F102: Paid Search | G102: Basic | H102: 1 | I102: 0 | J102: 0 | K102: 0 | L102: 0 | M102: 0 | N102: 0 | P102: 51.5
A103: USR-100102 | B103: 45755 | C103: Control | D103: West | E103: Mobile | F103: Paid Search | G103: Free | H103: 1 | I103: 0 | J103: 0 | K103: 0 | L103: 0 | M103: 0 | N103: 0 | P103: 74.4
A104: USR-100103 | B104: 45761 | C104: Control | D104: North | E104: Desktop | F104: Social | G104: Free | H104: 1 | I104: 1 | J104: 1 | K104: 1 | L104: 3887.98 | M104: 0 | N104: 0 | O104: 13 | P104: 60.2
A105: USR-100104 | B105: 45743 | C105: Control | D105: South | E105: Mobile | F105: Email | G105: Free | H105: 1 | I105: 0 | J105: 0 | K105: 0 | L105: 0 | M105: 1 | N105: 0 | P105: 67.2
A106: USR-100105 | B106: 45662 | C106: Control | D106: South | E106: Mobile | F106: Social | G106: Free | H106: 1 | I106: 1 | J106: 1 | K106: 0 | L106: 0 | M106: 0 | N106: 0 | P106: 79.6
A107: USR-100106 | B107: 45682 | C107: Control | D107: South | E107: Mobile | F107: Social | G107: Basic | H107: 1 | I107: 1 | J107: 1 | K107: 1 | L107: 8610.72 | M107: 0 | N107: 0 | O107: 6 | P107: 61
A108: USR-100107 | B108: 45680 | C108: Control | D108: West | E108: Mobile | F108: Email | G108: Free | H108: 1 | I108: 1 | J108: 1 | K108: 0 | L108: 0 | M108: 4 | N108: 0 | P108: 51.1
A109: USR-100108 | B109: 45802 | C109: Control | D109: East | E109: Desktop | F109: Referral | G109: Free | H109: 1 | I109: 0 | J109: 0 | K109: 0 | L109: 0 | M109: 0 | N109: 0 | P109: 92.1
A110: USR-100109 | B110: 45738 | C110: Control | D110: South | E110: Mobile | F110: Referral | G110: Basic | H110: 0 | I110: 0 | J110: 0 | K110: 0 | L110: 0 | M110: 0 | N110: 0 | P110: 82.1
A111: USR-100110 | B111: 45700 | C111: Control | D111: West | E111: Desktop | F111: Paid Search | G111: Basic | H111: 1 | I111: 0 | J111: 0 | K111: 0 | L111: 0 | M111: 1 | N111: 0 | P111: 74
A112: USR-100111 | B112: 45775 | C112: Control | D112: West | E112: Desktop | F112: Organic | G112: Basic | H112: 1 | I112: 0 | J112: 0 | K112: 0 | L112: 0 | M112: 0 | N112: 0 | P112: 63.4
A113: USR-100112 | B113: 45687 | C113: Control | D113: North | E113: Mobile | F113: Organic | G113: Basic | H113: 1 | I113: 0 | J113: 0 | K113: 0 | L113: 0 | M113: 0 | N113: 0 | P113: 53.2
A114: USR-100113 | B114: 45796 | C114: Control | D114: East | E114: Tablet | F114: Paid Search | G114: Free | H114: 0 | I114: 0 | J114: 0 | K114: 0 | L114: 0 | M114: 0 | N114: 0 | P114: 48.1
A115: USR-100114 | B115: 45680 | C115: Control | D115: South | E115: Mobile | F115: Social | G115: Free | H115: 1 | I115: 1 | J115: 0 | K115: 0 | L115: 0 | M115: 0 | N115: 0 | P115: 61.5
A116: USR-100115 | B116: 45744 | C116: Control | D116: East | E116: Desktop | F116: Social | G116: Free | H116: 1 | I116: 0 | J116: 0 | K116: 0 | L116: 0 | M116: 0 | N116: 0 | P116: 63.2
A117: USR-100116 | B117: 45668 | C117: Control | D117: West | E117: Mobile | F117: Organic | G117: Free | H117: 0 | I117: 0 | J117: 0 | K117: 0 | L117: 0 | M117: 0 | N117: 0 | P117: 71.9
A118: USR-100117 | B118: 45758 | C118: Control | D118: North | E118: Mobile | F118: Referral | G118: Free | H118: 0 | I118: 0 | J118: 0 | K118: 0 | L118: 0 | M118: 0 | N118: 0 | P118: 62.7
A119: USR-100118 | B119: 45659 | C119: Control | D119: West | E119: Mobile | F119: Paid Search | G119: Free | H119: 1 | I119: 0 | J119: 0 | K119: 0 | L119: 0 | M119: 0 | N119: 0 | P119: 51.5
... A124: USR-100123 | B124: 45769 | C124: Control | D124: South | E124: Mobile | F124: Referral | G124: Basic | H124: 0 | I124: 0 | J124: 0 | K124: 0 | L124: 0 | M124: 0 | N124: 0 | P124: 36.1
A125: USR-100124 | B125: 45807 | C125: Control | D125: West | F125: Email | G125: Basic | H125: 1 | I125: 1 | J125: 0 | K125: 0 | L125: 0 | M125: 0 | N125: 0 | P125: 47.9
A126: USR-100125 | B126: 45795 | C126: Control | D126: West | E126: Desktop | F126: Organic | G126: Premium | H126: 1 | I126: 0 | J126: 0 | K126: 0 | L126: 0 | M126: 0 | N126: 0 | P126: 62.5
A127: USR-100126 | B127: 45670 | C127: Control | D127: South | E127: Desktop | F127: Paid Search | G127: Premium | H127: 1 | I127: 0 | J127: 0 | K127: 0 | L127: 0 | M127: 0 | N127: 0 | P127: 56.9
A128: USR-100127 | B128: 45741 | C128: Control | D128: North | E128: Desktop | F128: Email | G128: Free | H128: 0 | I128: 0 | J128: 0 | K128: 0 | L128: 0 | M128: 0 | N128: 0 | P128: 64.7
A129: USR-100128 | B129: 45776 | C129: Control | D129: South | E129: Desktop | F129: Organic | G129: Free | H129: 1 | I129: 1 | J129: 1 | K129: 0 | L129: 0 | M129: 0 | N129: 0 | P129: 64
A130: USR-100129 | B130: 45794 | C130: Control | D130: East | E130: Mobile | F130: Referral | G130: Basic | H130: 1 | I130: 1 | J130: 1 | K130: 0 | L130: 0 | M130: 0 | N130: 0 | P130: 75.2
A131: USR-100130 | B131: 45659 | C131: Control | D131: North | E131: Mobile | F131: Paid Search | G131: Free | H131: 1 | I131: 0 | J131: 0 | K131: 0 | L131: 0 | M131: 1 | N131: 0 | P131: 79
A132: USR-100131 | B132: 45691 | C132: Control | D132: South | E132: Mobile | F132: Organic | G132: Free | H132: 0 | I132: 0 | J132: 0 | K132: 0 | L132: 0 | M132: 0 | N132: 0 | P132: 33
A133: USR-100132 | B133: 45720 | C133: Control | D133: East | E133: Mobile | F133: Organic | G133: Free | H133: 1 | I133: 0 | J133: 0 | K133: 0 | L133: 0 | M133: 0 | N133: 0 | P133: 67.9
A134: USR-100133 | B134: 45683 | C134: Control | D134: South | E134: Mobile | F134: Paid Search | G134: Basic | H134: 0 | I134: 0 | J134: 0 | K134: 0 | L134: 0 | M134: 0 | N134: 0 | P134: 42.2
A135: USR-100134 | B135: 45789 | C135: Control | D135: West | E135: Mobile | F135: Paid Search | G135: Basic | H135: 1 | I135: 1 | J135: 1 | K135: 0 | L135: 0 | M135: 0 | N135: 0 | P135: 43.4
A136: USR-100135 | B136: 45722 | C136: Control | D136: North | E136: Mobile | F136: Organic | G136: Basic | H136: 0 | I136: 0 | J136: 0 | K136: 0 | L136: 0 | M136: 0 | N136: 0 | P136: 54.4
A137: USR-100136 | B137: 45726 | C137: Control | D137: South | E137: Desktop | F137: Email | G137: Premium | H137: 0 | I137: 0 | J137: 0 | K137: 0 | L137: 0 | M137: 0 | N137: 0 | P137: 45.7
... A142: USR-100141 | B142: 45676 | C142: Control | D142: South | E142: Mobile | F142: Organic | G142: Free | H142: 0 | I142: 0 | J142: 0 | K142: 0 | L142: 0 | M142: 0 | N142: 0 | P142: 49.6
A143: USR-100142 | B143: 45750 | C143: Control | D143: West | E143: Desktop | F143: Social | G143: Free | H143: 1 | I143: 1 | J143: 1 | K143: 1 | L143: 404.4 | M143: 0 | N143: 0 | O143: 9 | P143: 80.6
A144: USR-100143 | B144: 45754 | C144: Control | D144: North | E144: Mobile | F144: Paid Search | G144: Free | H144: 1 | I144: 0 | J144: 0 | K144: 0 | L144: 0 | M144: 0 | N144: 0 | P144: 47.9
A145: USR-100144 | B145: 45663 | C145: Control | D145: East | E145: Mobile | F145: Paid Search | G145: Basic | H145: 1 | I145: 1 | J145: 0 | K145: 0 | L145: 0 | M145: 0 | N145: 0 | P145: 54.8
A146: USR-100145 | B146: 45758 | C146: Control | D146: East | E146: Mobile | F146: Organic | G146: Free | H146: 1 | I146: 0 | J146: 0 | K146: 0 | L146: 0 | M146: 1 | N146: 0 | P146: 53.9
A147: USR-100146 | B147: 45770 | C147: Control | D147: East | E147: Mobile | F147: Paid Search | G147: Free | H147: 1 | I147: 0 | J147: 0 | K147: 0 | L147: 0 | M147: 0 | N147: 0 | P147: 41.3
A148: USR-100147 | B148: 45741 | C148: Control | D148: West | E148: Mobile | F148: Organic | G148: Basic | H148: 1 | I148: 1 | J148: 0 | K148: 0 | L148: 0 | M148: 0 | N148: 0 | P148: 38.9
A149: USR-100148 | B149: 45802 | C149: Control | D149: South | E149: Desktop | F149: Organic | G149: Basic | H149: 1 | I149: 0 | J149: 0 | K149: 0 | L149: 0 | M149: 0 | N149: 0 | P149: 63.6
A150: USR-100149 | B150: 45685 | C150: Control | D150: North | E150: Mobile | F150: Organic | G150: Free | H150: 1 | I150: 1 | J150: 1 | K150: 1 | L150: 577.94 | M150: 0 | N150: 0 | O150: 9 | P150: 76.6
A151: USR-100150 | B151: 45700 | C151: Control | D151: West | E151: Mobile | F151: Paid Search | G151: Premium | H151: 0 | I151: 0 | J151: 0 | K151: 0 | L151: 0 | M151: 1 | N151: 0 | P151: 67.6
A152: USR-100151 | B152: 45776 | C152: Control | D152: North | E152: Mobile | F152: Social | G152: Premium | H152: 1 | I152: 0 | J152: 0 | K152: 0 | L152: 0 | M152: 0 | N152: 0 | P152: 43.1
A153: USR-100152 | B153: 45729 | C153: Control | D153: South | E153: Mobile | F153: Email | G153: Free | H153: 1 | I153: 0 | J153: 0 | K153: 0 | L153: 0 | M153: 0 | N153: 0 | P153: 58.3
A154: USR-100153 | B154: 45692 | C154: Control | D154: East | E154: Desktop | F154: Paid Search | G154: Free | H154: 1 | I154: 0 | J154: 0 | K154: 0 | L154: 0 | M154: 0 | N154: 0 | P154: 69.8
A155: USR-100154 | B155: 45720 | C155: Control | D155: South | E155: Mobile | F155: Referral | G155: Free | H155: 1 | I155: 1 | J155: 0 | K155: 0 | L155: 0 | M155: 0 | N155: 0
A156: USR-100155 | B156: 45692 | C156: Control | D156: West | E156: Mobile | F156: Paid Search | G156: Basic | H156: 1 | I156: 1 | J156: 0 | K156: 0 | L156: 0 | M156: 0 | N156: 0 | P156: 41.9
A157: USR-100156 | B157: 45727 | C157: Control | D157: North | E157: Desktop | F157: Organic | G157: Free | H157: 0 | I157: 0 | J157: 0 | K157: 0 | L157: 0 | M157: 0 | N157: 0 | P157: 33.1
A158: USR-100157 | B158: 45769 | C158: Control | D158: West | E158: Mobile | F158: Organic | G158: Free | H158: 0 | I158: 0 | J158: 0 | K158: 0 | L158: 0 | M158: 0 | N158: 0 | P158: 58.6
A159: USR-100158 | B159: 45724 | C159: Control | D159: North | E159: Desktop | F159: Paid Search | G159: Free | H159: 0 | I159: 0 | J159: 0 | K159: 0 | L159: 0 | M159: 0 | N159: 0 | P159: 55.7
A160: USR-100159 | B160: 45726 | C160: Control | D160: East | E160: Mobile | F160: Organic | G160: Free | H160: 0 | I160: 0 | J160: 0 | K160: 0 | L160: 0 | M160: 2 | N160: 0 | P160: 64.9
A161: USR-100160 | B161: 45795 | C161: Control | D161: North | E161: Desktop | F161: Paid Search | G161: Basic | H161: 0 | I161: 0 | J161: 0 | K161: 0 | L161: 0 | M161: 0 | N161: 0 | P161: 72.3
A162: USR-100161 | B162: 45791 | C162: Control | D162: North | E162: Mobile | F162: Social | G162: Basic | H162: 0 | I162: 0 | J162: 0 | K162: 0 | L162: 0 | M162: 0 | N162: 0 | P162: 42.1
A163: USR-100162 | B163: 45689 | C163: Control | D163: North | E163: Mobile | F163: Organic | G163: Free | H163: 0 | I163: 0 | J163: 0 | K163: 0 | L163: 0 | M163: 0 | N163: 0
A164: USR-100163 | B164: 45758 | C164: Control | D164: South | E164: Mobile | F164: Organic | G164: Basic | H164: 0 | I164: 0 | J164: 0 | K164: 0 | L164: 0 | M164: 1 | N164: 0 | P164: 64.8
A165: USR-100164 | B165: 45702 | C165: Control | D165: East | E165: Mobile | F165: Organic | G165: Free | H165: 0 | I165: 0 | J165: 0 | K165: 0 | L165: 0 | M165: 0 | N165: 0 | P165: 72.1
...

Sheet data_quality_checks
A1: Data Quality & Preparation Checks
A2: Source: raw_data sheet (campaign_experiment_data.xlsx, experiment_data tab)
A4: 1. Row Count
A5: Total rows in raw data | B5: =COUNTA(raw_data!A2:A100000) -> 1408
A7: 2. Missing Values by Column
A8: Column | B8: Missing Count | C8: Missing % | D8: Note
A9: user_id | B9: =COUNTBLANK(raw_data!A2:A1409) -> 0 | C9: =B9/COUNTA(raw_data!A2:A100000) -> 0
A10: signup_date | B10: =COUNTBLANK(raw_data!B2:B1409) -> 0 | C10: =B10/COUNTA(raw_data!A2:A100000) -> 0
A11: experiment_group | B11: =COUNTBLANK(raw_data!C2:C1409) -> 0 | C11: =B11/COUNTA(raw_data!A2:A100000) -> 0
A12: region | B12: =COUNTBLANK(raw_data!D2:D1409) -> 0 | C12: =B12/COUNTA(raw_data!A2:A100000) -> 0
A13: device_type | B13: =COUNTBLANK(raw_data!E2:E1409) -> 18 | C13: =B13/COUNTA(raw_data!A2:A100000) -> 0.012784091 | D13: Minor missingness; left as "Unknown" category, excluded from device-level % calcs
A14: traffic_source | B14: =COUNTBLANK(raw_data!F2:F1409) -> 24 | C14: =B14/COUNTA(raw_data!A2:A100000) -> 0.017045455 | D14: Minor missingness; left as "Unknown" category, excluded from source-level % calcs
A15: plan_type | B15: =COUNTBLANK(raw_data!G2:G1409) -> 0 | C15: =B15/COUNTA(raw_data!A2:A100000) -> 0
A16: visited_landing_page | B16: =COUNTBLANK(raw_data!H2:H1409) -> 0 | C16: =B16/COUNTA(raw_data!A2:A100000) -> 0
A17: started_trial | B17: =COUNTBLANK(raw_data!I2:I1409) -> 0 | C17: =B17/COUNTA(raw_data!A2:A100000) -> 0
A18: completed_onboarding | B18: =COUNTBLANK(raw_data!J2:J1409) -> 0 | C18: =B18/COUNTA(raw_data!A2:A100000) -> 0
A19: converted_to_paid | B19: =COUNTBLANK(raw_data!K2:K1409) -> 0 | C19: =B19/COUNTA(raw_data!A2:A100000) -> 0
A20: revenue_30d | B20: =COUNTBLANK(raw_data!L2:L1409) -> 0 | C20: =B20/COUNTA(raw_data!A2:A100000) -> 0
A21: support_tickets_30d | B21: =COUNTBLANK(raw_data!M2:M1409) -> 0 | C21: =B21/COUNTA(raw_data!A2:A100000) -> 0
A22: refund_requested | B22: =COUNTBLANK(raw_data!N2:N1409) -> 0 | C22: =B22/COUNTA(raw_data!A2:A100000) -> 0
A23: days_to_convert | B23: =COUNTBLANK(raw_data!O2:O1409) -> 1336 | C23: =B23/COUNTA(raw_data!A2:A100000) -> 0.94886364 | D23: Expected — NaN for every user who did NOT convert to paid (not missing data)
A24: engagement_score | B24: =COUNTBLANK(raw_data!P2:P1409) -> 14 | C24: =B24/COUNTA(raw_data!A2:A100000) -> 0.0099431818 | D24: Minor missingness; excluded via AVERAGE (ignores blanks) in summary calcs
A26: 3. Group Counts (experiment_group)
A27: Control | B27: =COUNTIF(raw_data!C2:C100000,"Control") -> 693
A28: Treatment | B28: =COUNTIF(raw_data!C2:C100000,"Treatment") -> 715
A29: Total | B29: =B27+B28 -> 1408
A31: 4. Duplicate User IDs
A32: Unique user_id count | B32: =SUMPRODUCT(1/COUNTIF(raw_data!A2:A1409,raw_data!A2:A1409)) -> 1400
A33: Duplicate rows found (total rows - unique IDs) | B33: =COUNTA(raw_data!A2:A100000)-B32 -> 8
A34: Handling | B34: 8 fully duplicated rows (4 user_ids x2) found and removed in cleaned_data sheet (kept first occurrence)
A36: 5. Invalid Binary Value Checks
A37: Column | B37: Values Found Outside {0,1} | C37: Note
A38: visited_landing_page | B38: =COUNTIFS(raw_data!H2:H1409,"<>0",raw_data!H2:H1409,"<>1") -> 0 | C38: Pass — only 0/1 values present
A39: started_trial | B39: =COUNTIFS(raw_data!I2:I1409,"<>0",raw_data!I2:I1409,"<>1") -> 0 | C39: Pass — only 0/1 values present
A40: completed_onboarding | B40: =COUNTIFS(raw_data!J2:J1409,"<>0",raw_data!J2:J1409,"<>1") -> 0 | C40: Pass — only 0/1 values present
A41: converted_to_paid | B41: =COUNTIFS(raw_data!K2:K1409,"<>0",raw_data!K2:K1409,"<>1") -> 0 | C41: Pass — only 0/1 values present
A42: refund_requested | B42: =COUNTIFS(raw_data!N2:N1409,"<>0",raw_data!N2:N1409,"<>1") -> 0 | C42: Pass — only 0/1 values present
A44: 6. Revenue Outlier Check (converted users only, IQR method)
A45: Q1 (25th pct) of revenue, converted users | B45: 404.02
A46: Q3 (75th pct) of revenue, converted users | B46: 1178.665
A47: IQR | B47: =B46-B45 -> 774.645
A48: Upper bound (Q3 + 1.5*IQR) | B48: =B46+1.5*B47 -> 2340.6325
A49: Number of revenue outliers above upper bound | B49: =SUMPRODUCT((raw_data!J2:J1409=1)*(raw_data!K2:K1409>B48)) -> 0
A50: Handling | B50: 4 high-value converters identified as outliers; retained (genuine revenue, not data errors) but flagged — see hypothesis_test_notes.md for sensitivity discussion
A52: 7. Segment Distribution Across Groups (balance check)
A53: Segment distributions (region, device_type, traffic_source, plan_type) are checked in the
A54: "segment_balance" sheet using % share of each group — randomization is confirmed if shares are similar between Control and Treatment.

Sheet cleaned_data
A1: user_id | B1: signup_date | C1: experiment_group | D1: region | E1: device_type | F1: traffic_source | G1: plan_type | H1: visited_landing_page | I1: started_trial | J1: completed_onboarding | K1: converted_to_paid | L1: revenue_30d | M1: support_tickets_30d | N1: refund_requested | O1: days_to_convert | P1: engagement_score | Q1: engagement_control_only | R1: engagement_treatment_only | S1: revenue_control_converted | T1: revenue_treatment_converted
A2: USR-100001 | B2: 45732 | C2: Control | D2: North | E2: Desktop | F2: Email | G2: Basic | H2: 0 | I2: 0 | J2: 0 | K2: 0 | L2: 0 | M2: 0 | N2: 0 | P2: 45.7 | Q2: =IF($C2="Control",$P2,"") -> 45.7 | R2: =IF($C2="Treatment",$P2,"") | S2: =IF(AND($C2="Control",$K2=1),$L2,"") | T2: =IF(AND($C2="Treatment",$K2=1),$L2,"")
A3: USR-100002 | B3: 45724 | C3: Control | D3: West | E3: Mobile | F3: Organic | G3: Free | H3: 1 | I3: 0 | J3: 0 | K3: 0 | L3: 0 | M3: 0 | N3: 0 | P3: 48.6 | Q3: =IF($C3="Control",$P3,"") -> 48.6 | R3: =IF($C3="Treatment",$P3,"") | S3: =IF(AND($C3="Control",$K3=1),$L3,"") | T3: =IF(AND($C3="Treatment",$K3=1),$L3,"")
A4: USR-100003 | B4: 45771 | C4: Control | D4: East | E4: Mobile | F4: Paid Search | G4: Premium | H4: 1 | I4: 0 | J4: 0 | K4: 0 | L4: 0 | M4: 1 | N4: 0 | P4: 35.4 | Q4: =IF($C4="Control",$P4,"") -> 35.4 | R4: =IF($C4="Treatment",$P4,"") | S4: =IF(AND($C4="Control",$K4=1),$L4,"") | T4: =IF(AND($C4="Treatment",$K4=1),$L4,"")
A5: USR-100004 | B5: 45781 | C5: Control | D5: South | E5: Mobile | F5: Email | G5: Basic | H5: 1 | I5: 0 | J5: 0 | K5: 0 | L5: 0 | M5: 0 | N5: 0 | P5: 64.6 | Q5: =IF($C5="Control",$P5,"") -> 64.6 | R5: =IF($C5="Treatment",$P5,"") | S5: =IF(AND($C5="Control",$K5=1),$L5,"") | T5: =IF(AND($C5="Treatment",$K5=1),$L5,"")
A6: USR-100005 | B6: 45700 | C6: Control | D6: North | E6: Tablet | F6: Organic | G6: Free | H6: 0 | I6: 0 | J6: 0 | K6: 0 | L6: 0 | M6: 0 | N6: 0 | P6: 66.6 | Q6: =IF($C6="Control",$P6,"") -> 66.6 | R6: =IF($C6="Treatment",$P6,"") | S6: =IF(AND($C6="Control",$K6=1),$L6,"") | T6: =IF(AND($C6="Treatment",$K6=1),$L6,"")
A7: USR-100006 | B7: 45685 | C7: Control | D7: East | E7: Mobile | F7: Organic | G7: Premium | H7: 1 | I7: 0 | J7: 0 | K7: 0 | L7: 0 | M7: 0 | N7: 0 | P7: 40.8 | Q7: =IF($C7="Control",$P7,"") -> 40.8 | R7: =IF($C7="Treatment",$P7,"") | S7: =IF(AND($C7="Control",$K7=1),$L7,"") | T7: =IF(AND($C7="Treatment",$K7=1),$L7,"")
A8: USR-100007 | B8: 45755 | C8: Control | D8: East | E8: Mobile | F8: Paid Search | G8: Basic | H8: 1 | I8: 1 | J8: 0 | K8: 0 | L8: 0 | M8: 0 | N8: 0 | P8: 57.1 | Q8: =IF($C8="Control",$P8,"") -> 57.1 | R8: =IF($C8="Treatment",$P8,"") | S8: =IF(AND($C8="Control",$K8=1),$L8,"") | T8: =IF(AND($C8="Treatment",$K8=1),$L8,"")
A9: USR-100008 | B9: 45794 | C9: Control | D9: South | E9: Mobile | F9: Paid Search | G9: Free | H9: 0 | I9: 0 | J9: 0 | K9: 0 | L9: 0 | M9: 0 | N9: 0 | P9: 36.4 | Q9: =IF($C9="Control",$P9,"") -> 36.4 | R9: =IF($C9="Treatment",$P9,"") | S9: =IF(AND($C9="Control",$K9=1),$L9,"") | T9: =IF(AND($C9="Treatment",$K9=1),$L9,"")
A10: USR-100009 | B10: 45711 | C10: Control | D10: South | E10: Tablet | F10: Referral | G10: Basic | H10: 0 | I10: 0 | J10: 0 | K10: 0 | L10: 0 | M10: 0 | N10: 0 | P10: 55.4 | Q10: =IF($C10="Control",$P10,"") -> 55.4 | R10: =IF($C10="Treatment",$P10,"") | S10: =IF(AND($C10="Control",$K10=1),$L10,"") | T10: =IF(AND($C10="Treatment",$K10=1),$L10,"")
A11: USR-100010 | B11: 45806 | C11: Control | D11: West | E11: Desktop | F11: Social | G11: Free | H11: 1 | I11: 0 | J11: 0 | K11: 0 | L11: 0 | M11: 0 | N11: 0 | P11: 57.3 | Q11: =IF($C11="Control",$P11,"") -> 57.3 | R11: =IF($C11="Treatment",$P11,"") | S11: =IF(AND($C11="Control",$K11=1),$L11,"") | T11: =IF(AND($C11="Treatment",$K11=1),$L11,"")
A12: USR-100011 | B12: 45777 | C12: Control | D12: East | E12: Mobile | F12: Paid Search | G12: Basic | H12: 1 | I12: 1 | J12: 1 | K12: 0 | L12: 0 | M12: 0 | N12: 0 | P12: 63.6 | Q12: =IF($C12="Control",$P12,"") -> 63.6 | R12: =IF($C12="Treatment",$P12,"") | S12: =IF(AND($C12="Control",$K12=1),$L12,"") | T12: =IF(AND($C12="Treatment",$K12=1),$L12,"")
A13: USR-100012 | B13: 45732 | C13: Control | D13: East | E13: Mobile | F13: Social | G13: Premium | H13: 1 | I13: 1 | J13: 1 | K13: 0 | L13: 0 | M13: 1 | N13: 0 | P13: 80.4 | Q13: =IF($C13="Control",$P13,"") -> 80.4 | R13: =IF($C13="Treatment",$P13,"") | S13: =IF(AND($C13="Control",$K13=1),$L13,"") | T13: =IF(AND($C13="Treatment",$K13=1),$L13,"")
... A60: USR-100059 | B60: 45761 | C60: Control | D60: North | E60: Mobile | F60: Social | G60: Free | H60: 0 | I60: 0 | J60: 0 | K60: 0 | L60: 0 | M60: 2 | N60: 0 | P60: 48.9 | Q60: =IF($C60="Control",$P60,"") -> 48.9 | R60: =IF($C60="Treatment",$P60,"") | S60: =IF(AND($C60="Control",$K60=1),$L60,"") | T60: =IF(AND($C60="Treatment",$K60=1),$L60,"")
A61: USR-100060 | B61: 45658 | C61: Control | D61: West | E61: Mobile | F61: Social | G61: Free | H61: 1 | I61: 1 | J61: 1 | K61: 1 | L61: 240.42 | M61: 0 | N61: 0 | O61: 16 | P61: 56.5 | Q61: =IF($C61="Control",$P61,"") -> 56.5 | R61: =IF($C61="Treatment",$P61,"") | S61: =IF(AND($C61="Control",$K61=1),$L61,"") -> 240.42 | T61: =IF(AND($C61="Treatment",$K61=1),$L61,"")
A62: USR-100061 | B62: 45749 | C62: Control | D62: South | E62: Mobile | F62: Referral | G62: Free | H62: 1 | I62: 0 | J62: 0 | K62: 0 | L62: 0 | M62: 0 | N62: 0 | P62: 53.7 | Q62: =IF($C62="Control",$P62,"") -> 53.7 | R62: =IF($C62="Treatment",$P62,"") | S62: =IF(AND($C62="Control",$K62=1),$L62,"") | T62: =IF(AND($C62="Treatment",$K62=1),$L62,"")
A63: USR-100062 | B63: 45745 | C63: Control | D63: North | E63: Mobile | F63: Social | G63: Premium | H63: 0 | I63: 0 | J63: 0 | K63: 0 | L63: 0 | M63: 0 | N63: 0 | P63: 62.2 | Q63: =IF($C63="Control",$P63,"") -> 62.2 | R63: =IF($C63="Treatment",$P63,"") | S63: =IF(AND($C63="Control",$K63=1),$L63,"") | T63: =IF(AND($C63="Treatment",$K63=1),$L63,"")
A64: USR-100063 | B64: 45792 | C64: Control | D64: South | E64: Desktop | F64: Organic | G64: Free | H64: 1 | I64: 0 | J64: 0 | K64: 0 | L64: 0 | M64: 0 | N64: 0 | P64: 50.2 | Q64: =IF($C64="Control",$P64,"") -> 50.2 | R64: =IF($C64="Treatment",$P64,"") | S64: =IF(AND($C64="Control",$K64=1),$L64,"") | T64: =IF(AND($C64="Treatment",$K64=1),$L64,"")
A65: USR-100064 | B65: 45758 | C65: Control | D65: North | E65: Mobile | F65: Organic | G65: Basic | H65: 1 | I65: 0 | J65: 0 | K65: 0 | L65: 0 | M65: 0 | N65: 0 | P65: 74.3 | Q65: =IF($C65="Control",$P65,"") -> 74.3 | R65: =IF($C65="Treatment",$P65,"") | S65: =IF(AND($C65="Control",$K65=1),$L65,"") | T65: =IF(AND($C65="Treatment",$K65=1),$L65,"")
A66: USR-100065 | B66: 45723 | C66: Control | D66: South | E66: Desktop | F66: Paid Search | G66: Free | H66: 1 | I66: 0 | J66: 0 | K66: 0 | L66: 0 | M66: 0 | N66: 0 | P66: 58 | Q66: =IF($C66="Control",$P66,"") -> 58 | R66: =IF($C66="Treatment",$P66,"") | S66: =IF(AND($C66="Control",$K66=1),$L66,"") | T66: =IF(AND($C66="Treatment",$K66=1),$L66,"")
A67: USR-100066 | B67: 45807 | C67: Control | D67: South | E67: Mobile | F67: Organic | G67: Free | H67: 0 | I67: 0 | J67: 0 | K67: 0 | L67: 0 | M67: 0 | N67: 0 | P67: 46.7 | Q67: =IF($C67="Control",$P67,"") -> 46.7 | R67: =IF($C67="Treatment",$P67,"") | S67: =IF(AND($C67="Control",$K67=1),$L67,"") | T67: =IF(AND($C67="Treatment",$K67=1),$L67,"")
A68: USR-100067 | B68: 45664 | C68: Control | D68: South | E68: Desktop | F68: Organic | G68: Premium | H68: 1 | I68: 0 | J68: 0 | K68: 0 | L68: 0 | M68: 1 | N68: 0 | P68: 49.6 | Q68: =IF($C68="Control",$P68,"") -> 49.6 | R68: =IF($C68="Treatment",$P68,"") | S68: =IF(AND($C68="Control",$K68=1),$L68,"") | T68: =IF(AND($C68="Treatment",$K68=1),$L68,"")
A69: USR-100068 | B69: 45785 | C69: Control | D69: West | E69: Mobile | F69: Social | G69: Free | H69: 0 | I69: 0 | J69: 0 | K69: 0 | L69: 0 | M69: 0 | N69: 0 | P69: 60.4 | Q69: =IF($C69="Control",$P69,"") -> 60.4 | R69: =IF($C69="Treatment",$P69,"") | S69: =IF(AND($C69="Control",$K69=1),$L69,"") | T69: =IF(AND($C69="Treatment",$K69=1),$L69,"")
A70: USR-100069 | B70: 45735 | C70: Control | D70: East | E70: Desktop | F70: Email | G70: Free | H70: 1 | I70: 1 | J70: 1 | K70: 0 | L70: 0 | M70: 0 | N70: 0 | P70: 55.3 | Q70: =IF($C70="Control",$P70,"") -> 55.3 | R70: =IF($C70="Treatment",$P70,"") | S70: =IF(AND($C70="Control",$K70=1),$L70,"") | T70: =IF(AND($C70="Treatment",$K70=1),$L70,"")
A71: USR-100070 | B71: 45793 | C71: Control | D71: North | E71: Desktop | F71: Organic | G71: Free | H71: 0 | I71: 0 | J71: 0 | K71: 0 | L71: 0 | M71: 0 | N71: 0 | P71: 56.2 | Q71: =IF($C71="Control",$P71,"") -> 56.2 | R71: =IF($C71="Treatment",$P71,"") | S71: =IF(AND($C71="Control",$K71=1),$L71,"") | T71: =IF(AND($C71="Treatment",$K71=1),$L71,"")
A72: USR-100071 | B72: 45724 | C72: Control | D72: West | E72: Mobile | F72: Email | G72: Free | H72: 0 | I72: 0 | J72: 0 | K72: 0 | L72: 0 | M72: 0 | N72: 0 | P72: 29.4 | Q72: =IF($C72="Control",$P72,"") -> 29.4 | R72: =IF($C72="Treatment",$P72,"") | S72: =IF(AND($C72="Control",$K72=1),$L72,"") | T72: =IF(AND($C72="Treatment",$K72=1),$L72,"")
A73: USR-100072 | B73: 45724 | C73: Control | D73: East | E73: Mobile | F73: Email | G73: Free | H73: 1 | I73: 0 | J73: 0 | K73: 0 | L73: 0 | M73: 0 | N73: 0 | P73: 54.2 | Q73: =IF($C73="Control",$P73,"") -> 54.2 | R73: =IF($C73="Treatment",$P73,"") | S73: =IF(AND($C73="Control",$K73=1),$L73,"") | T73: =IF(AND($C73="Treatment",$K73=1),$L73,"")
... A79: USR-100078 | B79: 45673 | C79: Control | D79: North | E79: Mobile | F79: Organic | G79: Free | H79: 0 | I79: 0 | J79: 0 | K79: 0 | L79: 0 | M79: 2 | N79: 0 | P79: 48.4 | Q79: =IF($C79="Control",$P79,"") -> 48.4 | R79: =IF($C79="Treatment",$P79,"") | S79: =IF(AND($C79="Control",$K79=1),$L79,"") | T79: =IF(AND($C79="Treatment",$K79=1),$L79,"")
A80: USR-100079 | B80: 45708 | C80: Control | D80: West | E80: Desktop | F80: Organic | G80: Free | H80: 1 | I80: 1 | J80: 1 | K80: 1 | L80: 457.51 | M80: 0 | N80: 0 | O80: 7 | P80: 38 | Q80: =IF($C80="Control",$P80,"") -> 38 | R80: =IF($C80="Treatment",$P80,"") | S80: =IF(AND($C80="Control",$K80=1),$L80,"") -> 457.51 | T80: =IF(AND($C80="Treatment",$K80=1),$L80,"")
A81: USR-100080 | B81: 45798 | C81: Control | D81: East | E81: Mobile | F81: Social | G81: Free | H81: 1 | I81: 0 | J81: 0 | K81: 0 | L81: 0 | M81: 0 | N81: 0 | P81: 44.2 | Q81: =IF($C81="Control",$P81,"") -> 44.2 | R81: =IF($C81="Treatment",$P81,"") | S81: =IF(AND($C81="Control",$K81=1),$L81,"") | T81: =IF(AND($C81="Treatment",$K81=1),$L81,"")
A82: USR-100081 | B82: 45785 | C82: Control | D82: South | E82: Mobile | F82: Organic | G82: Free | H82: 1 | I82: 1 | J82: 1 | K82: 0 | L82: 0 | M82: 0 | N82: 0 | P82: 81.2 | Q82: =IF($C82="Control",$P82,"") -> 81.2 | R82: =IF($C82="Treatment",$P82,"") | S82: =IF(AND($C82="Control",$K82=1),$L82,"") | T82: =IF(AND($C82="Treatment",$K82=1),$L82,"")
A83: USR-100082 | B83: 45724 | C83: Control | D83: South | E83: Mobile | F83: Referral | G83: Free | H83: 1 | I83: 1 | J83: 0 | K83: 0 | L83: 0 | M83: 0 | N83: 0 | P83: 63.8 | Q83: =IF($C83="Control",$P83,"") -> 63.8 | R83: =IF($C83="Treatment",$P83,"") | S83: =IF(AND($C83="Control",$K83=1),$L83,"") | T83: =IF(AND($C83="Treatment",$K83=1),$L83,"")
A84: USR-100083 | B84: 45748 | C84: Control | D84: South | E84: Desktop | F84: Email | G84: Free | H84: 0 | I84: 0 | J84: 0 | K84: 0 | L84: 0 | M84: 0 | N84: 0 | P84: 64.7 | Q84: =IF($C84="Control",$P84,"") -> 64.7 | R84: =IF($C84="Treatment",$P84,"") | S84: =IF(AND($C84="Control",$K84=1),$L84,"") | T84: =IF(AND($C84="Treatment",$K84=1),$L84,"")
A85: USR-100084 | B85: 45719 | C85: Control | D85: West | E85: Mobile | F85: Social | G85: Basic | H85: 0 | I85: 0 | J85: 0 | K85: 0 | L85: 0 | M85: 0 | N85: 0 | P85: 60.4 | Q85: =IF($C85="Control",$P85,"") -> 60.4 | R85: =IF($C85="Treatment",$P85,"") | S85: =IF(AND($C85="Control",$K85=1),$L85,"") | T85: =IF(AND($C85="Treatment",$K85=1),$L85,"")
A86: USR-100085 | B86: 45763 | C86: Control | D86: South | E86: Mobile | F86: Paid Search | G86: Free | H86: 0 | I86: 0 | J86: 0 | K86: 0 | L86: 0 | M86: 0 | N86: 0 | P86: 66.6 | Q86: =IF($C86="Control",$P86,"") -> 66.6 | R86: =IF($C86="Treatment",$P86,"") | S86: =IF(AND($C86="Control",$K86=1),$L86,"") | T86: =IF(AND($C86="Treatment",$K86=1),$L86,"")
A87: USR-100086 | B87: 45666 | C87: Control | D87: North | E87: Desktop | F87: Organic | G87: Free | H87: 1 | I87: 0 | J87: 0 | K87: 0 | L87: 0 | M87: 0 | N87: 0 | P87: 50.9 | Q87: =IF($C87="Control",$P87,"") -> 50.9 | R87: =IF($C87="Treatment",$P87,"") | S87: =IF(AND($C87="Control",$K87=1),$L87,"") | T87: =IF(AND($C87="Treatment",$K87=1),$L87,"")
A88: USR-100087 | B88: 45679 | C88: Control | D88: West | E88: Desktop | F88: Social | G88: Basic | H88: 0 | I88: 0 | J88: 0 | K88: 0 | L88: 0 | M88: 0 | N88: 0 | P88: 51 | Q88: =IF($C88="Control",$P88,"") -> 51 | R88: =IF($C88="Treatment",$P88,"") | S88: =IF(AND($C88="Control",$K88=1),$L88,"") | T88: =IF(AND($C88="Treatment",$K88=1),$L88,"")
A89: USR-100088 | B89: 45777 | C89: Control | D89: South | E89: Mobile | F89: Email | G89: Premium | H89: 0 | I89: 0 | J89: 0 | K89: 0 | L89: 0 | M89: 0 | N89: 0 | P89: 65.8 | Q89: =IF($C89="Control",$P89,"") -> 65.8 | R89: =IF($C89="Treatment",$P89,"") | S89: =IF(AND($C89="Control",$K89=1),$L89,"") | T89: =IF(AND($C89="Treatment",$K89=1),$L89,"")
A90: USR-100089 | B90: 45772 | C90: Control | D90: North | E90: Mobile | F90: Referral | G90: Basic | H90: 1 | I90: 0 | J90: 0 | K90: 0 | L90: 0 | M90: 0 | N90: 0 | P90: 61.8 | Q90: =IF($C90="Control",$P90,"") -> 61.8 | R90: =IF($C90="Treatment",$P90,"") | S90: =IF(AND($C90="Control",$K90=1),$L90,"") | T90: =IF(AND($C90="Treatment",$K90=1),$L90,"")
A91: USR-100090 | B91: 45689 | C91: Control | D91: North | E91: Mobile | F91: Organic | G91: Basic | H91: 1 | I91: 0 | J91: 0 | K91: 0 | L91: 0 | M91: 0 | N91: 0 | P91: 54.5 | Q91: =IF($C91="Control",$P91,"") -> 54.5 | R91: =IF($C91="Treatment",$P91,"") | S91: =IF(AND($C91="Control",$K91=1),$L91,"") | T91: =IF(AND($C91="Treatment",$K91=1),$L91,"")
A92: USR-100091 | B92: 45770 | C92: Control | D92: South | E92: Desktop | F92: Organic | G92: Free | H92: 1 | I92: 0 | J92: 0 | K92: 0 | L92: 0 | M92: 0 | N92: 0 | P92: 72.2 | Q92: =IF($C92="Control",$P92,"") -> 72.2 | R92: =IF($C92="Treatment",$P92,"") | S92: =IF(AND($C92="Control",$K92=1),$L92,"") | T92: =IF(AND($C92="Treatment",$K92=1),$L92,"")
... A99: USR-100098 | B99: 45699 | C99: Control | D99: North | E99: Desktop | F99: Organic | G99: Premium | H99: 1 | I99: 0 | J99: 0 | K99: 0 | L99: 0 | M99: 0 | N99: 0 | P99: 63.2 | Q99: =IF($C99="Control",$P99,"") -> 63.2 | R99: =IF($C99="Treatment",$P99,"") | S99: =IF(AND($C99="Control",$K99=1),$L99,"") | T99: =IF(AND($C99="Treatment",$K99=1),$L99,"")
A100: USR-100099 | B100: 45699 | C100: Control | D100: East | E100: Desktop | F100: Social | G100: Free | H100: 1 | I100: 1 | J100: 1 | K100: 1 | L100: 363.32 | M100: 0 | N100: 0 | O100: 9 | P100: 55.9 | Q100: =IF($C100="Control",$P100,"") -> 55.9 | R100: =IF($C100="Treatment",$P100,"") | S100: =IF(AND($C100="Control",$K100=1),$L100,"") -> 363.32 | T100: =IF(AND($C100="Treatment",$K100=1),$L100,"")
A101: USR-100100 | B101: 45803 | C101: Control | D101: North | E101: Mobile | F101: Organic | G101: Free | H101: 1 | I101: 0 | J101: 0 | K101: 0 | L101: 0 | M101: 0 | N101: 0 | P101: 63.5 | Q101: =IF($C101="Control",$P101,"") -> 63.5 | R101: =IF($C101="Treatment",$P101,"") | S101: =IF(AND($C101="Control",$K101=1),$L101,"") | T101: =IF(AND($C101="Treatment",$K101=1),$L101,"")
A102: USR-100101 | B102: 45738 | C102: Control | D102: North | E102: Mobile | F102: Paid Search | G102: Basic | H102: 1 | I102: 0 | J102: 0 | K102: 0 | L102: 0 | M102: 0 | N102: 0 | P102: 51.5 | Q102: =IF($C102="Control",$P102,"") -> 51.5 | R102: =IF($C102="Treatment",$P102,"") | S102: =IF(AND($C102="Control",$K102=1),$L102,"") | T102: =IF(AND($C102="Treatment",$K102=1),$L102,"")
A103: USR-100102 | B103: 45755 | C103: Control | D103: West | E103: Mobile | F103: Paid Search | G103: Free | H103: 1 | I103: 0 | J103: 0 | K103: 0 | L103: 0 | M103: 0 | N103: 0 | P103: 74.4 | Q103: =IF($C103="Control",$P103,"") -> 74.4 | R103: =IF($C103="Treatment",$P103,"") | S103: =IF(AND($C103="Control",$K103=1),$L103,"") | T103: =IF(AND($C103="Treatment",$K103=1),$L103,"")
A104: USR-100103 | B104: 45761 | C104: Control | D104: North | E104: Desktop | F104: Social | G104: Free | H104: 1 | I104: 1 | J104: 1 | K104: 1 | L104: 3887.98 | M104: 0 | N104: 0 | O104: 13 | P104: 60.2 | Q104: =IF($C104="Control",$P104,"") -> 60.2 | R104: =IF($C104="Treatment",$P104,"") | S104: =IF(AND($C104="Control",$K104=1),$L104,"") -> 3887.98 | T104: =IF(AND($C104="Treatment",$K104=1),$L104,"")
A105: USR-100104 | B105: 45743 | C105: Control | D105: South | E105: Mobile | F105: Email | G105: Free | H105: 1 | I105: 0 | J105: 0 | K105: 0 | L105: 0 | M105: 1 | N105: 0 | P105: 67.2 | Q105: =IF($C105="Control",$P105,"") -> 67.2 | R105: =IF($C105="Treatment",$P105,"") | S105: =IF(AND($C105="Control",$K105=1),$L105,"") | T105: =IF(AND($C105="Treatment",$K105=1),$L105,"")
A106: USR-100105 | B106: 45662 | C106: Control | D106: South | E106: Mobile | F106: Social | G106: Free | H106: 1 | I106: 1 | J106: 1 | K106: 0 | L106: 0 | M106: 0 | N106: 0 | P106: 79.6 | Q106: =IF($C106="Control",$P106,"") -> 79.6 | R106: =IF($C106="Treatment",$P106,"") | S106: =IF(AND($C106="Control",$K106=1),$L106,"") | T106: =IF(AND($C106="Treatment",$K106=1),$L106,"")
A107: USR-100106 | B107: 45682 | C107: Control | D107: South | E107: Mobile | F107: Social | G107: Basic | H107: 1 | I107: 1 | J107: 1 | K107: 1 | L107: 8610.72 | M107: 0 | N107: 0 | O107: 6 | P107: 61 | Q107: =IF($C107="Control",$P107,"") -> 61 | R107: =IF($C107="Treatment",$P107,"") | S107: =IF(AND($C107="Control",$K107=1),$L107,"") -> 8610.72 | T107: =IF(AND($C107="Treatment",$K107=1),$L107,"")
A108: USR-100107 | B108: 45680 | C108: Control | D108: West | E108: Mobile | F108: Email | G108: Free | H108: 1 | I108: 1 | J108: 1 | K108: 0 | L108: 0 | M108: 4 | N108: 0 | P108: 51.1 | Q108: =IF($C108="Control",$P108,"") -> 51.1 | R108: =IF($C108="Treatment",$P108,"") | S108: =IF(AND($C108="Control",$K108=1),$L108,"") | T108: =IF(AND($C108="Treatment",$K108=1),$L108,"")
A109: USR-100108 | B109: 45802 | C109: Control | D109: East | E109: Desktop | F109: Referral | G109: Free | H109: 1 | I109: 0 | J109: 0 | K109: 0 | L109: 0 | M109: 0 | N109: 0 | P109: 92.1 | Q109: =IF($C109="Control",$P109,"") -> 92.1 | R109: =IF($C109="Treatment",$P109,"") | S109: =IF(AND($C109="Control",$K109=1),$L109,"") | T109: =IF(AND($C109="Treatment",$K109=1),$L109,"")
A110: USR-100109 | B110: 45738 | C110: Control | D110: South | E110: Mobile | F110: Referral | G110: Basic | H110: 0 | I110: 0 | J110: 0 | K110: 0 | L110: 0 | M110: 0 | N110: 0 | P110: 82.1 | Q110: =IF($C110="Control",$P110,"") -> 82.1 | R110: =IF($C110="Treatment",$P110,"") | S110: =IF(AND($C110="Control",$K110=1),$L110,"") | T110: =IF(AND($C110="Treatment",$K110=1),$L110,"")
A111: USR-100110 | B111: 45700 | C111: Control | D111: West | E111: Desktop | F111: Paid Search | G111: Basic | H111: 1 | I111: 0 | J111: 0 | K111: 0 | L111: 0 | M111: 1 | N111: 0 | P111: 74 | Q111: =IF($C111="Control",$P111,"") -> 74 | R111: =IF($C111="Treatment",$P111,"") | S111: =IF(AND($C111="Control",$K111=1),$L111,"") | T111: =IF(AND($C111="Treatment",$K111=1),$L111,"")
A112: USR-100111 | B112: 45775 | C112: Control | D112: West | E112: Desktop | F112: Organic | G112: Basic | H112: 1 | I112: 0 | J112: 0 | K112: 0 | L112: 0 | M112: 0 | N112: 0 | P112: 63.4 | Q112: =IF($C112="Control",$P112,"") -> 63.4 | R112: =IF($C112="Treatment",$P112,"") | S112: =IF(AND($C112="Control",$K112=1),$L112,"") | T112: =IF(AND($C112="Treatment",$K112=1),$L112,"")
A113: USR-100112 | B113: 45687 | C113: Control | D113: North | E113: Mobile | F113: Organic | G113: Basic | H113: 1 | I113: 0 | J113: 0 | K113: 0 | L113: 0 | M113: 0 | N113: 0 | P113: 53.2 | Q113: =IF($C113="Control",$P113,"") -> 53.2 | R113: =IF($C113="Treatment",$P113,"") | S113: =IF(AND($C113="Control",$K113=1),$L113,"") | T113: =IF(AND($C113="Treatment",$K113=1),$L113,"")
A114: USR-100113 | B114: 45796 | C114: Control | D114: East | E114: Tablet | F114: Paid Search | G114: Free | H114: 0 | I114: 0 | J114: 0 | K114: 0 | L114: 0 | M114: 0 | N114: 0 | P114: 48.1 | Q114: =IF($C114="Control",$P114,"") -> 48.1 | R114: =IF($C114="Treatment",$P114,"") | S114: =IF(AND($C114="Control",$K114=1),$L114,"") | T114: =IF(AND($C114="Treatment",$K114=1),$L114,"")
A115: USR-100114 | B115: 45680 | C115: Control | D115: South | E115: Mobile | F115: Social | G115: Free | H115: 1 | I115: 1 | J115: 0 | K115: 0 | L115: 0 | M115: 0 | N115: 0 | P115: 61.5 | Q115: =IF($C115="Control",$P115,"") -> 61.5 | R115: =IF($C115="Treatment",$P115,"") | S115: =IF(AND($C115="Control",$K115=1),$L115,"") | T115: =IF(AND($C115="Treatment",$K115=1),$L115,"")
A116: USR-100115 | B116: 45744 | C116: Control | D116: East | E116: Desktop | F116: Social | G116: Free | H116: 1 | I116: 0 | J116: 0 | K116: 0 | L116: 0 | M116: 0 | N116: 0 | P116: 63.2 | Q116: =IF($C116="Control",$P116,"") -> 63.2 | R116: =IF($C116="Treatment",$P116,"") | S116: =IF(AND($C116="Control",$K116=1),$L116,"") | T116: =IF(AND($C116="Treatment",$K116=1),$L116,"")
A117: USR-100116 | B117: 45668 | C117: Control | D117: West | E117: Mobile | F117: Organic | G117: Free | H117: 0 | I117: 0 | J117: 0 | K117: 0 | L117: 0 | M117: 0 | N117: 0 | P117: 71.9 | Q117: =IF($C117="Control",$P117,"") -> 71.9 | R117: =IF($C117="Treatment",$P117,"") | S117: =IF(AND($C117="Control",$K117=1),$L117,"") | T117: =IF(AND($C117="Treatment",$K117=1),$L117,"")
A118: USR-100117 | B118: 45758 | C118: Control | D118: North | E118: Mobile | F118: Referral | G118: Free | H118: 0 | I118: 0 | J118: 0 | K118: 0 | L118: 0 | M118: 0 | N118: 0 | P118: 62.7 | Q118: =IF($C118="Control",$P118,"") -> 62.7 | R118: =IF($C118="Treatment",$P118,"") | S118: =IF(AND($C118="Control",$K118=1),$L118,"") | T118: =IF(AND($C118="Treatment",$K118=1),$L118,"")
A119: USR-100118 | B119: 45659 | C119: Control | D119: West | E119: Mobile | F119: Paid Search | G119: Free | H119: 1 | I119: 0 | J119: 0 | K119: 0 | L119: 0 | M119: 0 | N119: 0 | P119: 51.5 | Q119: =IF($C119="Control",$P119,"") -> 51.5 | R119: =IF($C119="Treatment",$P119,"") | S119: =IF(AND($C119="Control",$K119=1),$L119,"") | T119: =IF(AND($C119="Treatment",$K119=1),$L119,"")
... A142: USR-100141 | B142: 45676 | C142: Control | D142: South | E142: Mobile | F142: Organic | G142: Free | H142: 0 | I142: 0 | J142: 0 | K142: 0 | L142: 0 | M142: 0 | N142: 0 | P142: 49.6 | Q142: =IF($C142="Control",$P142,"") -> 49.6 | R142: =IF($C142="Treatment",$P142,"") | S142: =IF(AND($C142="Control",$K142=1),$L142,"") | T142: =IF(AND($C142="Treatment",$K142=1),$L142,"")
A143: USR-100142 | B143: 45750 | C143: Control | D143: West | E143: Desktop | F143: Social | G143: Free | H143: 1 | I143: 1 | J143: 1 | K143: 1 | L143: 404.4 | M143: 0 | N143: 0 | O143: 9 | P143: 80.6 | Q143: =IF($C143="Control",$P143,"") -> 80.6 | R143: =IF($C143="Treatment",$P143,"") | S143: =IF(AND($C143="Control",$K143=1),$L143,"") -> 404.4 | T143: =IF(AND($C143="Treatment",$K143=1),$L143,"")
A144: USR-100143 | B144: 45754 | C144: Control | D144: North | E144: Mobile | F144: Paid Search | G144: Free | H144: 1 | I144: 0 | J144: 0 | K144: 0 | L144: 0 | M144: 0 | N144: 0 | P144: 47.9 | Q144: =IF($C144="Control",$P144,"") -> 47.9 | R144: =IF($C144="Treatment",$P144,"") | S144: =IF(AND($C144="Control",$K144=1),$L144,"") | T144: =IF(AND($C144="Treatment",$K144=1),$L144,"")
A145: USR-100144 | B145: 45663 | C145: Control | D145: East | E145: Mobile | F145: Paid Search | G145: Basic | H145: 1 | I145: 1 | J145: 0 | K145: 0 | L145: 0 | M145: 0 | N145: 0 | P145: 54.8 | Q145: =IF($C145="Control",$P145,"") -> 54.8 | R145: =IF($C145="Treatment",$P145,"") | S145: =IF(AND($C145="Control",$K145=1),$L145,"") | T145: =IF(AND($C145="Treatment",$K145=1),$L145,"")
A146: USR-100145 | B146: 45758 | C146: Control | D146: East | E146: Mobile | F146: Organic | G146: Free | H146: 1 | I146: 0 | J146: 0 | K146: 0 | L146: 0 | M146: 1 | N146: 0 | P146: 53.9 | Q146: =IF($C146="Control",$P146,"") -> 53.9 | R146: =IF($C146="Treatment",$P146,"") | S146: =IF(AND($C146="Control",$K146=1),$L146,"") | T146: =IF(AND($C146="Treatment",$K146=1),$L146,"")
A147: USR-100146 | B147: 45770 | C147: Control | D147: East | E147: Mobile | F147: Paid Search | G147: Free | H147: 1 | I147: 0 | J147: 0 | K147: 0 | L147: 0 | M147: 0 | N147: 0 | P147: 41.3 | Q147: =IF($C147="Control",$P147,"") -> 41.3 | R147: =IF($C147="Treatment",$P147,"") | S147: =IF(AND($C147="Control",$K147=1),$L147,"") | T147: =IF(AND($C147="Treatment",$K147=1),$L147,"")
A148: USR-100147 | B148: 45741 | C148: Control | D148: West | E148: Mobile | F148: Organic | G148: Basic | H148: 1 | I148: 1 | J148: 0 | K148: 0 | L148: 0 | M148: 0 | N148: 0 | P148: 38.9 | Q148: =IF($C148="Control",$P148,"") -> 38.9 | R148: =IF($C148="Treatment",$P148,"") | S148: =IF(AND($C148="Control",$K148=1),$L148,"") | T148: =IF(AND($C148="Treatment",$K148=1),$L148,"")
A149: USR-100148 | B149: 45802 | C149: Control | D149: South | E149: Desktop | F149: Organic | G149: Basic | H149: 1 | I149: 0 | J149: 0 | K149: 0 | L149: 0 | M149: 0 | N149: 0 | P149: 63.6 | Q149: =IF($C149="Control",$P149,"") -> 63.6 | R149: =IF($C149="Treatment",$P149,"") | S149: =IF(AND($C149="Control",$K149=1),$L149,"") | T149: =IF(AND($C149="Treatment",$K149=1),$L149,"")
A150: USR-100149 | B150: 45685 | C150: Control | D150: North | E150: Mobile | F150: Organic | G150: Free | H150: 1 | I150: 1 | J150: 1 | K150: 1 | L150: 577.94 | M150: 0 | N150: 0 | O150: 9 | P150: 76.6 | Q150: =IF($C150="Control",$P150,"") -> 76.6 | R150: =IF($C150="Treatment",$P150,"") | S150: =IF(AND($C150="Control",$K150=1),$L150,"") -> 577.94 | T150: =IF(AND($C150="Treatment",$K150=1),$L150,"")
A151: USR-100150 | B151: 45700 | C151: Control | D151: West | E151: Mobile | F151: Paid Search | G151: Premium | H151: 0 | I151: 0 | J151: 0 | K151: 0 | L151: 0 | M151: 1 | N151: 0 | P151: 67.6 | Q151: =IF($C151="Control",$P151,"") -> 67.6 | R151: =IF($C151="Treatment",$P151,"") | S151: =IF(AND($C151="Control",$K151=1),$L151,"") | T151: =IF(AND($C151="Treatment",$K151=1),$L151,"")
A152: USR-100151 | B152: 45776 | C152: Control | D152: North | E152: Mobile | F152: Social | G152: Premium | H152: 1 | I152: 0 | J152: 0 | K152: 0 | L152: 0 | M152: 0 | N152: 0 | P152: 43.1 | Q152: =IF($C152="Control",$P152,"") -> 43.1 | R152: =IF($C152="Treatment",$P152,"") | S152: =IF(AND($C152="Control",$K152=1),$L152,"") | T152: =IF(AND($C152="Treatment",$K152=1),$L152,"")
A153: USR-100152 | B153: 45729 | C153: Control | D153: South | E153: Mobile | F153: Email | G153: Free | H153: 1 | I153: 0 | J153: 0 | K153: 0 | L153: 0 | M153: 0 | N153: 0 | P153: 58.3 | Q153: =IF($C153="Control",$P153,"") -> 58.3 | R153: =IF($C153="Treatment",$P153,"") | S153: =IF(AND($C153="Control",$K153=1),$L153,"") | T153: =IF(AND($C153="Treatment",$K153=1),$L153,"")
A154: USR-100153 | B154: 45692 | C154: Control | D154: East | E154: Desktop | F154: Paid Search | G154: Free | H154: 1 | I154: 0 | J154: 0 | K154: 0 | L154: 0 | M154: 0 | N154: 0 | P154: 69.8 | Q154: =IF($C154="Control",$P154,"") -> 69.8 | R154: =IF($C154="Treatment",$P154,"") | S154: =IF(AND($C154="Control",$K154=1),$L154,"") | T154: =IF(AND($C154="Treatment",$K154=1),$L154,"")
A155: USR-100154 | B155: 45720 | C155: Control | D155: South | E155: Mobile | F155: Referral | G155: Free | H155: 1 | I155: 1 | J155: 0 | K155: 0 | L155: 0 | M155: 0 | N155: 0 | Q155: =IF($C155="Control",$P155,"") -> 0 | R155: =IF($C155="Treatment",$P155,"") | S155: =IF(AND($C155="Control",$K155=1),$L155,"") | T155: =IF(AND($C155="Treatment",$K155=1),$L155,"")
A156: USR-100155 | B156: 45692 | C156: Control | D156: West | E156: Mobile | F156: Paid Search | G156: Basic | H156: 1 | I156: 1 | J156: 0 | K156: 0 | L156: 0 | M156: 0 | N156: 0 | P156: 41.9 | Q156: =IF($C156="Control",$P156,"") -> 41.9 | R156: =IF($C156="Treatment",$P156,"") | S156: =IF(AND($C156="Control",$K156=1),$L156,"") | T156: =IF(AND($C156="Treatment",$K156=1),$L156,"")
A157: USR-100156 | B157: 45727 | C157: Control | D157: North | E157: Desktop | F157: Organic | G157: Free | H157: 0 | I157: 0 | J157: 0 | K157: 0 | L157: 0 | M157: 0 | N157: 0 | P157: 33.1 | Q157: =IF($C157="Control",$P157,"") -> 33.1 | R157: =IF($C157="Treatment",$P157,"") | S157: =IF(AND($C157="Control",$K157=1),$L157,"") | T157: =IF(AND($C157="Treatment",$K157=1),$L157,"")
A158: USR-100157 | B158: 45769 | C158: Control | D158: West | E158: Mobile | F158: Organic | G158: Free | H158: 0 | I158: 0 | J158: 0 | K158: 0 | L158: 0 | M158: 0 | N158: 0 | P158: 58.6 | Q158: =IF($C158="Control",$P158,"") -> 58.6 | R158: =IF($C158="Treatment",$P158,"") | S158: =IF(AND($C158="Control",$K158=1),$L158,"") | T158: =IF(AND($C158="Treatment",$K158=1),$L158,"")
A159: USR-100158 | B159: 45724 | C159: Control | D159: North | E159: Desktop | F159: Paid Search | G159: Free | H159: 0 | I159: 0 | J159: 0 | K159: 0 | L159: 0 | M159: 0 | N159: 0 | P159: 55.7 | Q159: =IF($C159="Control",$P159,"") -> 55.7 | R159: =IF($C159="Treatment",$P159,"") | S159: =IF(AND($C159="Control",$K159=1),$L159,"") | T159: =IF(AND($C159="Treatment",$K159=1),$L159,"")
A160: USR-100159 | B160: 45726 | C160: Control | D160: East | E160: Mobile | F160: Organic | G160: Free | H160: 0 | I160: 0 | J160: 0 | K160: 0 | L160: 0 | M160: 2 | N160: 0 | P160: 64.9 | Q160: =IF($C160="Control",$P160,"") -> 64.9 | R160: =IF($C160="Treatment",$P160,"") | S160: =IF(AND($C160="Control",$K160=1),$L160,"") | T160: =IF(AND($C160="Treatment",$K160=1),$L160,"")
A161: USR-100160 | B161: 45795 | C161: Control | D161: North | E161: Desktop | F161: Paid Search | G161: Basic | H161: 0 | I161: 0 | J161: 0 | K161: 0 | L161: 0 | M161: 0 | N161: 0 | P161: 72.3 | Q161: =IF($C161="Control",$P161,"") -> 72.3 | R161: =IF($C161="Treatment",$P161,"") | S161: =IF(AND($C161="Control",$K161=1),$L161,"") | T161: =IF(AND($C161="Treatment",$K161=1),$L161,"")
A162: USR-100161 | B162: 45791 | C162: Control | D162: North | E162: Mobile | F162: Social | G162: Basic | H162: 0 | I162: 0 | J162: 0 | K162: 0 | L162: 0 | M162: 0 | N162: 0 | P162: 42.1 | Q162: =IF($C162="Control",$P162,"") -> 42.1 | R162: =IF($C162="Treatment",$P162,"") | S162: =IF(AND($C162="Control",$K162=1),$L162,"") | T162: =IF(AND($C162="Treatment",$K162=1),$L162,"")
A163: USR-100162 | B163: 45689 | C163: Control | D163: North | E163: Mobile | F163: Organic | G163: Free | H163: 0 | I163: 0 | J163: 0 | K163: 0 | L163: 0 | M163: 0 | N163: 0 | Q163: =IF($C163="Control",$P163,"") -> 0 | R163: =IF($C163="Treatment",$P163,"") | S163: =IF(AND($C163="Control",$K163=1),$L163,"") | T163: =IF(AND($C163="Treatment",$K163=1),$L163,"")
A164: USR-100163 | B164: 45758 | C164: Control | D164: South | E164: Mobile | F164: Organic | G164: Basic | H164: 0 | I164: 0 | J164: 0 | K164: 0 | L164: 0 | M164: 1 | N164: 0 | P164: 64.8 | Q164: =IF($C164="Control",$P164,"") -> 64.8 | R164: =IF($C164="Treatment",$P164,"") | S164: =IF(AND($C164="Control",$K164=1),$L164,"") | T164: =IF(AND($C164="Treatment",$K164=1),$L164,"")
A165: USR-100164 | B165: 45702 | C165: Control | D165: East | E165: Mobile | F165: Organic | G165: Free | H165: 0 | I165: 0 | J165: 0 | K165: 0 | L165: 0 | M165: 0 | N165: 0 | P165: 72.1 | Q165: =IF($C165="Control",$P165,"") -> 72.1 | R165: =IF($C165="Treatment",$P165,"") | S165: =IF(AND($C165="Control",$K165=1),$L165,"") | T165: =IF(AND($C165="Treatment",$K165=1),$L165,"")
A166: USR-100165 | B166: 45796 | C166: Control | D166: East | E166: Mobile | F166: Social | G166: Free | H166: 1 | I166: 0 | J166: 0 | K166: 0 | L166: 0 | M166: 0 | N166: 0 | P166: 50.6 | Q166: =IF($C166="Control",$P166,"") -> 50.6 | R166: =IF($C166="Treatment",$P166,"") | S166: =IF(AND($C166="Control",$K166=1),$L166,"") | T166: =IF(AND($C166="Treatment",$K166=1),$L166,"")
A167: USR-100166 | B167: 45773 | C167: Control | D167: North | E167: Desktop | F167: Paid Search | G167: Basic | H167: 1 | I167: 1 | J167: 1 | K167: 1 | L167: 1281.25 | M167: 1 | N167: 0 | O167: 9 | P167: 43.4 | Q167: =IF($C167="Control",$P167,"") -> 43.4 | R167: =IF($C167="Treatment",$P167,"") | S167: =IF(AND($C167="Control",$K167=1),$L167,"") -> 1281.25 | T167: =IF(AND($C167="Treatment",$K167=1),$L167,"")
A168: USR-100167 | B168: 45753 | C168: Control | D168: South | E168: Mobile | F168: Social | G168: Free | H168: 1 | I168: 0 | J168: 0 | K168: 0 | L168: 0 | M168: 0 | N168: 0 | P168: 59.7 | Q168: =IF($C168="Control",$P168,"") -> 59.7 | R168: =IF($C168="Treatment",$P168,"") | S168: =IF(AND($C168="Control",$K168=1),$L168,"") | T168: =IF(AND($C168="Treatment",$K168=1),$L168,"")
A169: USR-100168 | B169: 45722 | C169: Control | D169: South | E169: Mobile | F169: Paid Search | G169: Free | H169: 1 | I169: 0 | J169: 0 | K169: 0 | L169: 0 | M169: 1 | N169: 0 | Q169: =IF($C169="Control",$P169,"") -> 0 | R169: =IF($C169="Treatment",$P169,"") | S169: =IF(AND($C169="Control",$K169=1),$L169,"") | T169: =IF(AND($C169="Treatment",$K169=1),$L169,"")
A170: USR-100169 | B170: 45726 | C170: Control | D170: West | E170: Mobile | F170: Social | G170: Basic | H170: 0 | I170: 0 | J170: 0 | K170: 0 | L170: 0 | M170: 0 | N170: 0 | P170: 54.5 | Q170: =IF($C170="Control",$P170,"") -> 54.5 | R170: =IF($C170="Treatment",$P170,"") | S170: =IF(AND($C170="Control",$K170=1),$L170,"") | T170: =IF(AND($C170="Treatment",$K170=1),$L170,"")
A171: USR-100170 | B171: 45746 | C171: Control | D171: North | E171: Mobile | F171: Organic | G171: Free | H171: 1 | I171: 0 | J171: 0 | K171: 0 | L171: 0 | M171: 0 | N171: 0 | P171: 71.1 | Q171: =IF($C171="Control",$P171,"") -> 71.1 | R171: =IF($C171="Treatment",$P171,"") | S171: =IF(AND($C171="Control",$K171=1),$L171,"") | T171: =IF(AND($C171="Treatment",$K171=1),$L171,"")
A172: USR-100171 | B172: 45806 | C172: Control | D172: East | E172: Unknown | F172: Paid Search | G172: Free | H172: 1 | I172: 1 | J172: 1 | K172: 0 | L172: 0 | M172: 0 | N172: 0 | P172: 44.4 | Q172: =IF($C172="Control",$P172,"") -> 44.4 | R172: =IF($C172="Treatment",$P172,"") | S172: =IF(AND($C172="Control",$K172=1),$L172,"") | T172: =IF(AND($C172="Treatment",$K172=1),$L172,"")
A173: USR-100172 | B173: 45739 | C173: Control | D173: North | E173: Mobile | F173: Organic | G173: Free | H173: 1 | I173: 0 | J173: 0 | K173: 0 | L173: 0 | M173: 0 | N173: 0 | P173: 61.7 | Q173: =IF($C173="Control",$P173,"") -> 61.7 | R173: =IF($C173="Treatment",$P173,"") | S173: =IF(AND($C173="Control",$K173=1),$L173,"") | T173: =IF(AND($C173="Treatment",$K173=1),$L173,"")
A174: USR-100173 | B174: 45706 | C174: Control | D174: North | E174: Tablet | F174: Organic | G174: Basic | H174: 0 | I174: 0 | J174: 0 | K174: 0 | L174: 0 | M174: 1 | N174: 0 | P174: 81.3 | Q174: =IF($C174="Control",$P174,"") -> 81.3 | R174: =IF($C174="Treatment",$P174,"") | S174: =IF(AND($C174="Control",$K174=1),$L174,"") | T174: =IF(AND($C174="Treatment",$K174=1),$L174,"")
A175: USR-100174 | B175: 45683 | C175: Control | D175: North | E175: Desktop | F175: Email | G175: Free | H175: 1 | I175: 0 | J175: 0 | K175: 0 | L175: 0 | M175: 2 | N175: 0 | P175: 28.7 | Q175: =IF($C175="Control",$P175,"") -> 28.7 | R175: =IF($C175="Treatment",$P175,"") | S175: =IF(AND($C175="Control",$K175=1),$L175,"") | T175: =IF(AND($C175="Treatment",$K175=1),$L175,"")
A176: USR-100175 | B176: 45770 | C176: Control | D176: East | E176: Mobile | F176: Social | G176: Basic | H176: 0 | I176: 0 | J176: 0 | K176: 0 | L176: 0 | M176: 0 | N176: 0 | P176: 53 | Q176: =IF($C176="Control",$P176,"") -> 53 | R176: =IF($C176="Treatment",$P176,"") | S176: =IF(AND($C176="Control",$K176=1),$L176,"") | T176: =IF(AND($C176="Treatment",$K176=1),$L176,"")
A177: USR-100176 | B177: 45732 | C177: Control | D177: South | E177: Tablet | F177: Referral | G177: Basic | H177: 1 | I177: 0 | J177: 0 | K177: 0 | L177: 0 | M177: 0 | N177: 0 | P177: 54.9 | Q177: =IF($C177="Control",$P177,"") -> 54.9 | R177: =IF($C177="Treatment",$P177,"") | S177: =IF(AND($C177="Control",$K177=1),$L177,"") | T177: =IF(AND($C177="Treatment",$K177=1),$L177,"")
A178: USR-100177 | B178: 45776 | C178: Control | D178: West | E178: Mobile | F178: Organic | G178: Basic | H178: 1 | I178: 0 | J178: 0 | K178: 0 | L178: 0 | M178: 0 | N178: 0 | P178: 58.2 | Q178: =IF($C178="Control",$P178,"") -> 58.2 | R178: =IF($C178="Treatment",$P178,"") | S178: =IF(AND($C178="Control",$K178=1),$L178,"") | T178: =IF(AND($C178="Treatment",$K178=1),$L178,"")
A179: USR-100178 | B179: 45753 | C179: Control | D179: North | E179: Mobile | F179: Organic | G179: Free | H179: 0 | I179: 0 | J179: 0 | K179: 0 | L179: 0 | M179: 0 | N179: 0 | P179: 80.6 | Q179: =IF($C179="Control",$P179,"") -> 80.6 | R179: =IF($C179="Treatment",$P179,"") | S179: =IF(AND($C179="Control",$K179=1),$L179,"") | T179: =IF(AND($C179="Treatment",$K179=1),$L179,"")
...

Sheet segment_balance
A1: Segment Distribution Across Control vs Treatment (Randomization Check)
A2: Similar % shares between groups confirm balanced random assignment.
A4: Region
A5: region | B5: Control n | C5: Treatment n | D5: Control % | E5: Treatment %
A6: East | B6: =COUNTIFS(cleaned_data!$D$2:$D$1401,A6,cleaned_data!$C$2:$C$1401,"Control") -> 157 | C6: =COUNTIFS(cleaned_data!$D$2:$D$1401,A6,cleaned_data!$C$2:$C$1401,"Treatment") -> 170 | D6: =B6/SUM($B$6:$B$9) -> 0.22753623 | E6: =C6/SUM($C$6:$C$9) -> 0.23943662
A7: North | B7: =COUNTIFS(cleaned_data!$D$2:$D$1401,A7,cleaned_data!$C$2:$C$1401,"Control") -> 201 | C7: =COUNTIFS(cleaned_data!$D$2:$D$1401,A7,cleaned_data!$C$2:$C$1401,"Treatment") -> 180 | D7: =B7/SUM($B$6:$B$9) -> 0.29130435 | E7: =C7/SUM($C$6:$C$9) -> 0.25352113
A8: South | B8: =COUNTIFS(cleaned_data!$D$2:$D$1401,A8,cleaned_data!$C$2:$C$1401,"Control") -> 184 | C8: =COUNTIFS(cleaned_data!$D$2:$D$1401,A8,cleaned_data!$C$2:$C$1401,"Treatment") -> 183 | D8: =B8/SUM($B$6:$B$9) -> 0.26666667 | E8: =C8/SUM($C$6:$C$9) -> 0.25774648
A9: West | B9: =COUNTIFS(cleaned_data!$D$2:$D$1401,A9,cleaned_data!$C$2:$C$1401,"Control") -> 148 | C9: =COUNTIFS(cleaned_data!$D$2:$D$1401,A9,cleaned_data!$C$2:$C$1401,"Treatment") -> 177 | D9: =B9/SUM($B$6:$B$9) -> 0.21449275 | E9: =C9/SUM($C$6:$C$9) -> 0.24929577
A12: Device Type
A13: device_type | B13: Control n | C13: Treatment n | D13: Control % | E13: Treatment %
A14: Desktop | B14: =COUNTIFS(cleaned_data!$E$2:$E$1401,A14,cleaned_data!$C$2:$C$1401,"Control") -> 200 | C14: =COUNTIFS(cleaned_data!$E$2:$E$1401,A14,cleaned_data!$C$2:$C$1401,"Treatment") -> 213 | D14: =B14/SUM($B$14:$B$17) -> 0.28985507 | E14: =C14/SUM($C$14:$C$17) -> 0.3
A15: Mobile | B15: =COUNTIFS(cleaned_data!$E$2:$E$1401,A15,cleaned_data!$C$2:$C$1401,"Control") -> 426 | C15: =COUNTIFS(cleaned_data!$E$2:$E$1401,A15,cleaned_data!$C$2:$C$1401,"Treatment") -> 432 | D15: =B15/SUM($B$14:$B$17) -> 0.6173913 | E15: =C15/SUM($C$14:$C$17) -> 0.6084507
A16: Tablet | B16: =COUNTIFS(cleaned_data!$E$2:$E$1401,A16,cleaned_data!$C$2:$C$1401,"Control") -> 55 | C16: =COUNTIFS(cleaned_data!$E$2:$E$1401,A16,cleaned_data!$C$2:$C$1401,"Treatment") -> 56 | D16: =B16/SUM($B$14:$B$17) -> 0.079710145 | E16: =C16/SUM($C$14:$C$17) -> 0.078873239
A17: Unknown | B17: =COUNTIFS(cleaned_data!$E$2:$E$1401,A17,cleaned_data!$C$2:$C$1401,"Control") -> 9 | C17: =COUNTIFS(cleaned_data!$E$2:$E$1401,A17,cleaned_data!$C$2:$C$1401,"Treatment") -> 9 | D17: =B17/SUM($B$14:$B$17) -> 0.013043478 | E17: =C17/SUM($C$14:$C$17) -> 0.012676056
A20: Traffic Source
A21: traffic_source | B21: Control n | C21: Treatment n | D21: Control % | E21: Treatment %
A22: Email | B22: =COUNTIFS(cleaned_data!$F$2:$F$1401,A22,cleaned_data!$C$2:$C$1401,"Control") -> 73 | C22: =COUNTIFS(cleaned_data!$F$2:$F$1401,A22,cleaned_data!$C$2:$C$1401,"Treatment") -> 56 | D22: =B22/SUM($B$22:$B$27) -> 0.1057971 | E22: =C22/SUM($C$22:$C$27) -> 0.078873239
A23: Organic | B23: =COUNTIFS(cleaned_data!$F$2:$F$1401,A23,cleaned_data!$C$2:$C$1401,"Control") -> 246 | C23: =COUNTIFS(cleaned_data!$F$2:$F$1401,A23,cleaned_data!$C$2:$C$1401,"Treatment") -> 237 | D23: =B23/SUM($B$22:$B$27) -> 0.35652174 | E23: =C23/SUM($C$22:$C$27) -> 0.33380282
A24: Paid Search | B24: =COUNTIFS(cleaned_data!$F$2:$F$1401,A24,cleaned_data!$C$2:$C$1401,"Control") -> 155 | C24: =COUNTIFS(cleaned_data!$F$2:$F$1401,A24,cleaned_data!$C$2:$C$1401,"Treatment") -> 176 | D24: =B24/SUM($B$22:$B$27) -> 0.22463768 | E24: =C24/SUM($C$22:$C$27) -> 0.24788732
A25: Referral | B25: =COUNTIFS(cleaned_data!$F$2:$F$1401,A25,cleaned_data!$C$2:$C$1401,"Control") -> 81 | C25: =COUNTIFS(cleaned_data!$F$2:$F$1401,A25,cleaned_data!$C$2:$C$1401,"Treatment") -> 91 | D25: =B25/SUM($B$22:$B$27) -> 0.1173913 | E25: =C25/SUM($C$22:$C$27) -> 0.12816901
A26: Social | B26: =COUNTIFS(cleaned_data!$F$2:$F$1401,A26,cleaned_data!$C$2:$C$1401,"Control") -> 129 | C26: =COUNTIFS(cleaned_data!$F$2:$F$1401,A26,cleaned_data!$C$2:$C$1401,"Treatment") -> 132 | D26: =B26/SUM($B$22:$B$27) -> 0.18695652 | E26: =C26/SUM($C$22:$C$27) -> 0.18591549
A27: Unknown | B27: =COUNTIFS(cleaned_data!$F$2:$F$1401,A27,cleaned_data!$C$2:$C$1401,"Control") -> 6 | C27: =COUNTIFS(cleaned_data!$F$2:$F$1401,A27,cleaned_data!$C$2:$C$1401,"Treatment") -> 18 | D27: =B27/SUM($B$22:$B$27) -> 0.0086956522 | E27: =C27/SUM($C$22:$C$27) -> 0.025352113
A30: Plan Type
A31: plan_type | B31: Control n | C31: Treatment n | D31: Control % | E31: Treatment %
A32: Basic | B32: =COUNTIFS(cleaned_data!$G$2:$G$1401,A32,cleaned_data!$C$2:$C$1401,"Control") -> 221 | C32: =COUNTIFS(cleaned_data!$G$2:$G$1401,A32,cleaned_data!$C$2:$C$1401,"Treatment") -> 232 | D32: =B32/SUM($B$32:$B$34) -> 0.32028986 | E32: =C32/SUM($C$32:$C$34) -> 0.32676056
A33: Free | B33: =COUNTIFS(cleaned_data!$G$2:$G$1401,A33,cleaned_data!$C$2:$C$1401,"Control") -> 360 | C33: =COUNTIFS(cleaned_data!$G$2:$G$1401,A33,cleaned_data!$C$2:$C$1401,"Treatment") -> 366 | D33: =B33/SUM($B$32:$B$34) -> 0.52173913 | E33: =C33/SUM($C$32:$C$34) -> 0.51549296
A34: Premium | B34: =COUNTIFS(cleaned_data!$G$2:$G$1401,A34,cleaned_data!$C$2:$C$1401,"Control") -> 109 | C34: =COUNTIFS(cleaned_data!$G$2:$G$1401,A34,cleaned_data!$C$2:$C$1401,"Treatment") -> 112 | D34: =B34/SUM($B$32:$B$34) -> 0.15797101 | E34: =C34/SUM($C$32:$C$34) -> 0.15774648

Sheet metrics_summary
A1: Experiment Metrics Summary — Control vs Treatment
A2: All values computed via live formulas referencing cleaned_data (duplicates removed).
A4: Metric | B4: Control | C4: Treatment | D4: Absolute Diff | E4: Relative Lift %
A5: User count | B5: =COUNTIF(cleaned_data!$C$2:$C$1401,"Control") -> 690 | C5: =COUNTIF(cleaned_data!$C$2:$C$1401,"Treatment") -> 710 | D5: =C5-B5 -> 20 | E5: =IF(B5=0,"n/a",(C5-B5)/B5) -> 0.028985507
A6: Landing page visit rate | B6: =AVERAGEIF(cleaned_data!$C$2:$C$1401,"Control",cleaned_data!$H$2:$H$1401) -> 0.63623188 | C6: =AVERAGEIF(cleaned_data!$C$2:$C$1401,"Treatment",cleaned_data!$H$2:$H$1401) -> 0.72394366 | D6: =C6-B6 -> 0.087711778 | E6: =IF(B6=0,"n/a",(C6-B6)/B6) -> 0.13786134
A7: Trial start rate | B7: =AVERAGEIF(cleaned_data!$C$2:$C$1401,"Control",cleaned_data!$I$2:$I$1401) -> 0.25072464 | C7: =AVERAGEIF(cleaned_data!$C$2:$C$1401,"Treatment",cleaned_data!$I$2:$I$1401) -> 0.29014085 | D7: =C7-B7 -> 0.039416207 | E7: =IF(B7=0,"n/a",(C7-B7)/B7) -> 0.15720915
A8: Onboarding completion rate | B8: =AVERAGEIF(cleaned_data!$C$2:$C$1401,"Control",cleaned_data!$J$2:$J$1401) -> 0.15652174 | C8: =AVERAGEIF(cleaned_data!$C$2:$C$1401,"Treatment",cleaned_data!$J$2:$J$1401) -> 0.21126761 | D8: =C8-B8 -> 0.054745867 | E8: =IF(B8=0,"n/a",(C8-B8)/B8) -> 0.34976526
A9: Paid conversion rate (North Star) | B9: =AVERAGEIF(cleaned_data!$C$2:$C$1401,"Control",cleaned_data!$K$2:$K$1401) -> 0.031884058 | C9: =AVERAGEIF(cleaned_data!$C$2:$C$1401,"Treatment",cleaned_data!$K$2:$K$1401) -> 0.070422535 | D9: =C9-B9 -> 0.038538477 | E9: =IF(B9=0,"n/a",(C9-B9)/B9) -> 1.2087068
A10: Average revenue per user | B10: =AVERAGEIF(cleaned_data!$C$2:$C$1401,"Control",cleaned_data!$L$2:$L$1401) -> 51.974319 | C10: =AVERAGEIF(cleaned_data!$C$2:$C$1401,"Treatment",cleaned_data!$L$2:$L$1401) -> 54.254521 | D10: =C10-B10 -> 2.2802023 | E10: =IF(B10=0,"n/a",(C10-B10)/B10) -> 0.043871711
A11: Average revenue per converted user | B11: =AVERAGEIFS(cleaned_data!$L$2:$L$1401,cleaned_data!$C$2:$C$1401,"Control",cleaned_data!$K$2:$K$1401,1) -> 1630.1036 | C11: =AVERAGEIFS(cleaned_data!$L$2:$L$1401,cleaned_data!$C$2:$C$1401,"Treatment",cleaned_data!$K$2:$K$1401,1) -> 770.4142 | D11: =C11-B11 -> -859.68944 | E11: =IF(B11=0,"n/a",(C11-B11)/B11) -> -0.5273833
A12: Refund rate | B12: =AVERAGEIF(cleaned_data!$C$2:$C$1401,"Control",cleaned_data!$N$2:$N$1401) -> 0 | C12: =AVERAGEIF(cleaned_data!$C$2:$C$1401,"Treatment",cleaned_data!$N$2:$N$1401) -> 0.0042253521 | D12: =C12-B12 -> 0.0042253521 | E12: =IF(B12=0,"n/a",(C12-B12)/B12) -> n/a
A13: Support ticket rate (any ticket) | B13: =COUNTIFS(cleaned_data!$C$2:$C$1401,"Control",cleaned_data!$M$2:$M$1401,">0")/COUNTIF(cleaned_data!$C$2:$C$1401,"Control") -> 0.14782609 | C13: =COUNTIFS(cleaned_data!$C$2:$C$1401,"Treatment",cleaned_data!$M$2:$M$1401,">0")/COUNTIF(cleaned_data!$C$2:$C$1401,"Treatment") -> 0.24788732 | D13: =C13-B13 -> 0.10006124 | E13: =IF(B13=0,"n/a",(C13-B13)/B13) -> 0.67688484
A14: Average engagement score | B14: =AVERAGEIF(cleaned_data!$C$2:$C$1401,"Control",cleaned_data!$P$2:$P$1401) -> 57.029532 | C14: =AVERAGEIF(cleaned_data!$C$2:$C$1401,"Treatment",cleaned_data!$P$2:$P$1401) -> 62.940028 | D14: =C14-B14 -> 5.9104963 | E14: =IF(B14=0,"n/a",(C14-B14)/B14) -> 0.10363922
A15: Average days to convert (converted users) | B15: =AVERAGEIFS(cleaned_data!$O$2:$O$1401,cleaned_data!$C$2:$C$1401,"Control",cleaned_data!$K$2:$K$1401,1) -> 8.8636364 | C15: =AVERAGEIFS(cleaned_data!$O$2:$O$1401,cleaned_data!$C$2:$C$1401,"Treatment",cleaned_data!$K$2:$K$1401,1) -> 6.4 | D15: =C15-B15 -> -2.4636364 | E15: =IF(B15=0,"n/a",(C15-B15)/B15) -> -0.27794872

Sheet segment_metrics
A1: Metrics by Segment — Region, Device Type, Plan Type
A2: Required: at least 3 metrics analyzed by segment. Shown here: paid conversion rate, refund rate, average engagement score.
A4: Region
A5: region | B5: Group | C5: N | D5: Conversion Rate | E5: Refund Rate | F5: Avg Engagement Score
A6: East | B6: Control | C6: =COUNTIFS(cleaned_data!$D$2:$D$1401,"East",cleaned_data!$C$2:$C$1401,"Control") -> 157 | D6: =AVERAGEIFS(cleaned_data!$K$2:$K$1401,cleaned_data!$D$2:$D$1401,"East",cleaned_data!$C$2:$C$1401,"Control") -> 0.025477707 | E6: =AVERAGEIFS(cleaned_data!$N$2:$N$1401,cleaned_data!$D$2:$D$1401,"East",cleaned_data!$C$2:$C$1401,"Control") -> 0 | F6: =AVERAGEIFS(cleaned_data!$P$2:$P$1401,cleaned_data!$D$2:$D$1401,"East",cleaned_data!$C$2:$C$1401,"Control") -> 56.556051
A7: East | B7: Treatment | C7: =COUNTIFS(cleaned_data!$D$2:$D$1401,"East",cleaned_data!$C$2:$C$1401,"Treatment") -> 170 | D7: =AVERAGEIFS(cleaned_data!$K$2:$K$1401,cleaned_data!$D$2:$D$1401,"East",cleaned_data!$C$2:$C$1401,"Treatment") -> 0.064705882 | E7: =AVERAGEIFS(cleaned_data!$N$2:$N$1401,cleaned_data!$D$2:$D$1401,"East",cleaned_data!$C$2:$C$1401,"Treatment") -> 0.0058823529 | F7: =AVERAGEIFS(cleaned_data!$P$2:$P$1401,cleaned_data!$D$2:$D$1401,"East",cleaned_data!$C$2:$C$1401,"Treatment") -> 63.307692
A8: North | B8: Control | C8: =COUNTIFS(cleaned_data!$D$2:$D$1401,"North",cleaned_data!$C$2:$C$1401,"Control") -> 201 | D8: =AVERAGEIFS(cleaned_data!$K$2:$K$1401,cleaned_data!$D$2:$D$1401,"North",cleaned_data!$C$2:$C$1401,"Control") -> 0.034825871 | E8: =AVERAGEIFS(cleaned_data!$N$2:$N$1401,cleaned_data!$D$2:$D$1401,"North",cleaned_data!$C$2:$C$1401,"Control") -> 0 | F8: =AVERAGEIFS(cleaned_data!$P$2:$P$1401,cleaned_data!$D$2:$D$1401,"North",cleaned_data!$C$2:$C$1401,"Control") -> 57.616667
A9: North | B9: Treatment | C9: =COUNTIFS(cleaned_data!$D$2:$D$1401,"North",cleaned_data!$C$2:$C$1401,"Treatment") -> 180 | D9: =AVERAGEIFS(cleaned_data!$K$2:$K$1401,cleaned_data!$D$2:$D$1401,"North",cleaned_data!$C$2:$C$1401,"Treatment") -> 0.088888889 | E9: =AVERAGEIFS(cleaned_data!$N$2:$N$1401,cleaned_data!$D$2:$D$1401,"North",cleaned_data!$C$2:$C$1401,"Treatment") -> 0 | F9: =AVERAGEIFS(cleaned_data!$P$2:$P$1401,cleaned_data!$D$2:$D$1401,"North",cleaned_data!$C$2:$C$1401,"Treatment") -> 63.153977
A10: South | B10: Control | C10: =COUNTIFS(cleaned_data!$D$2:$D$1401,"South",cleaned_data!$C$2:$C$1401,"Control") -> 184 | D10: =AVERAGEIFS(cleaned_data!$K$2:$K$1401,cleaned_data!$D$2:$D$1401,"South",cleaned_data!$C$2:$C$1401,"Control") -> 0.032608696 | E10: =AVERAGEIFS(cleaned_data!$N$2:$N$1401,cleaned_data!$D$2:$D$1401,"South",cleaned_data!$C$2:$C$1401,"Control") -> 0 | F10: =AVERAGEIFS(cleaned_data!$P$2:$P$1401,cleaned_data!$D$2:$D$1401,"South",cleaned_data!$C$2:$C$1401,"Control") -> 56.904972
A11: South | B11: Treatment | C11: =COUNTIFS(cleaned_data!$D$2:$D$1401,"South",cleaned_data!$C$2:$C$1401,"Treatment") -> 183 | D11: =AVERAGEIFS(cleaned_data!$K$2:$K$1401,cleaned_data!$D$2:$D$1401,"South",cleaned_data!$C$2:$C$1401,"Treatment") -> 0.076502732 | E11: =AVERAGEIFS(cleaned_data!$N$2:$N$1401,cleaned_data!$D$2:$D$1401,"South",cleaned_data!$C$2:$C$1401,"Treatment") -> 0 | F11: =AVERAGEIFS(cleaned_data!$P$2:$P$1401,cleaned_data!$D$2:$D$1401,"South",cleaned_data!$C$2:$C$1401,"Treatment") -> 62.11326
A12: West | B12: Control | C12: =COUNTIFS(cleaned_data!$D$2:$D$1401,"West",cleaned_data!$C$2:$C$1401,"Control") -> 148 | D12: =AVERAGEIFS(cleaned_data!$K$2:$K$1401,cleaned_data!$D$2:$D$1401,"West",cleaned_data!$C$2:$C$1401,"Control") -> 0.033783784 | E12: =AVERAGEIFS(cleaned_data!$N$2:$N$1401,cleaned_data!$D$2:$D$1401,"West",cleaned_data!$C$2:$C$1401,"Control") -> 0 | F12: =AVERAGEIFS(cleaned_data!$P$2:$P$1401,cleaned_data!$D$2:$D$1401,"West",cleaned_data!$C$2:$C$1401,"Control") -> 56.898649
A13: West | B13: Treatment | C13: =COUNTIFS(cleaned_data!$D$2:$D$1401,"West",cleaned_data!$C$2:$C$1401,"Treatment") -> 177 | D13: =AVERAGEIFS(cleaned_data!$K$2:$K$1401,cleaned_data!$D$2:$D$1401,"West",cleaned_data!$C$2:$C$1401,"Treatment") -> 0.050847458 | E13: =AVERAGEIFS(cleaned_data!$N$2:$N$1401,cleaned_data!$D$2:$D$1401,"West",cleaned_data!$C$2:$C$1401,"Treatment") -> 0.011299435 | F13: =AVERAGEIFS(cleaned_data!$P$2:$P$1401,cleaned_data!$D$2:$D$1401,"West",cleaned_data!$C$2:$C$1401,"Treatment") -> 63.223295
A15: Device Type
A16: device_type | B16: Group | C16: N | D16: Conversion Rate | E16: Refund Rate | F16: Avg Engagement Score
A17: Desktop | B17: Control | C17: =COUNTIFS(cleaned_data!$E$2:$E$1401,"Desktop",cleaned_data!$C$2:$C$1401,"Control") -> 200 | D17: =AVERAGEIFS(cleaned_data!$K$2:$K$1401,cleaned_data!$E$2:$E$1401,"Desktop",cleaned_data!$C$2:$C$1401,"Control") -> 0.045 | E17: =AVERAGEIFS(cleaned_data!$N$2:$N$1401,cleaned_data!$E$2:$E$1401,"Desktop",cleaned_data!$C$2:$C$1401,"Control") -> 0 | F17: =AVERAGEIFS(cleaned_data!$P$2:$P$1401,cleaned_data!$E$2:$E$1401,"Desktop",cleaned_data!$C$2:$C$1401,"Control") -> 57.212563
A18: Desktop | B18: Treatment | C18: =COUNTIFS(cleaned_data!$E$2:$E$1401,"Desktop",cleaned_data!$C$2:$C$1401,"Treatment") -> 213 | D18: =AVERAGEIFS(cleaned_data!$K$2:$K$1401,cleaned_data!$E$2:$E$1401,"Desktop",cleaned_data!$C$2:$C$1401,"Treatment") -> 0.0657277 | E18: =AVERAGEIFS(cleaned_data!$N$2:$N$1401,cleaned_data!$E$2:$E$1401,"Desktop",cleaned_data!$C$2:$C$1401,"Treatment") -> 0 | F18: =AVERAGEIFS(cleaned_data!$P$2:$P$1401,cleaned_data!$E$2:$E$1401,"Desktop",cleaned_data!$C$2:$C$1401,"Treatment") -> 63.210427
A19: Mobile | B19: Control | C19: =COUNTIFS(cleaned_data!$E$2:$E$1401,"Mobile",cleaned_data!$C$2:$C$1401,"Control") -> 426 | D19: =AVERAGEIFS(cleaned_data!$K$2:$K$1401,cleaned_data!$E$2:$E$1401,"Mobile",cleaned_data!$C$2:$C$1401,"Control") -> 0.025821596 | E19: =AVERAGEIFS(cleaned_data!$N$2:$N$1401,cleaned_data!$E$2:$E$1401,"Mobile",cleaned_data!$C$2:$C$1401,"Control") -> 0 | F19: =AVERAGEIFS(cleaned_data!$P$2:$P$1401,cleaned_data!$E$2:$E$1401,"Mobile",cleaned_data!$C$2:$C$1401,"Control") -> 57.363981
A20: Mobile | B20: Treatment | C20: =COUNTIFS(cleaned_data!$E$2:$E$1401,"Mobile",cleaned_data!$C$2:$C$1401,"Treatment") -> 432 | D20: =AVERAGEIFS(cleaned_data!$K$2:$K$1401,cleaned_data!$E$2:$E$1401,"Mobile",cleaned_data!$C$2:$C$1401,"Treatment") -> 0.074074074 | E20: =AVERAGEIFS(cleaned_data!$N$2:$N$1401,cleaned_data!$E$2:$E$1401,"Mobile",cleaned_data!$C$2:$C$1401,"Treatment") -> 0.0069444444 | F20: =AVERAGEIFS(cleaned_data!$P$2:$P$1401,cleaned_data!$E$2:$E$1401,"Mobile",cleaned_data!$C$2:$C$1401,"Treatment") -> 62.813615
A21: Tablet | B21: Control | C21: =COUNTIFS(cleaned_data!$E$2:$E$1401,"Tablet",cleaned_data!$C$2:$C$1401,"Control") -> 55 | D21: =AVERAGEIFS(cleaned_data!$K$2:$K$1401,cleaned_data!$E$2:$E$1401,"Tablet",cleaned_data!$C$2:$C$1401,"Control") -> 0.018181818 | E21: =AVERAGEIFS(cleaned_data!$N$2:$N$1401,cleaned_data!$E$2:$E$1401,"Tablet",cleaned_data!$C$2:$C$1401,"Control") -> 0 | F21: =AVERAGEIFS(cleaned_data!$P$2:$P$1401,cleaned_data!$E$2:$E$1401,"Tablet",cleaned_data!$C$2:$C$1401,"Control") -> 55.662963
A22: Tablet | B22: Treatment | C22: =COUNTIFS(cleaned_data!$E$2:$E$1401,"Tablet",cleaned_data!$C$2:$C$1401,"Treatment") -> 56 | D22: =AVERAGEIFS(cleaned_data!$K$2:$K$1401,cleaned_data!$E$2:$E$1401,"Tablet",cleaned_data!$C$2:$C$1401,"Treatment") -> 0.071428571 | E22: =AVERAGEIFS(cleaned_data!$N$2:$N$1401,cleaned_data!$E$2:$E$1401,"Tablet",cleaned_data!$C$2:$C$1401,"Treatment") -> 0 | F22: =AVERAGEIFS(cleaned_data!$P$2:$P$1401,cleaned_data!$E$2:$E$1401,"Tablet",cleaned_data!$C$2:$C$1401,"Treatment") -> 63.007143
A23: Unknown | B23: Control | C23: =COUNTIFS(cleaned_data!$E$2:$E$1401,"Unknown",cleaned_data!$C$2:$C$1401,"Control") -> 9 | D23: =AVERAGEIFS(cleaned_data!$K$2:$K$1401,cleaned_data!$E$2:$E$1401,"Unknown",cleaned_data!$C$2:$C$1401,"Control") -> 0.11111111 | E23: =AVERAGEIFS(cleaned_data!$N$2:$N$1401,cleaned_data!$E$2:$E$1401,"Unknown",cleaned_data!$C$2:$C$1401,"Control") -> 0 | F23: =AVERAGEIFS(cleaned_data!$P$2:$P$1401,cleaned_data!$E$2:$E$1401,"Unknown",cleaned_data!$C$2:$C$1401,"Control") -> 45.5
A24: Unknown | B24: Treatment | C24: =COUNTIFS(cleaned_data!$E$2:$E$1401,"Unknown",cleaned_data!$C$2:$C$1401,"Treatment") -> 9 | D24: =AVERAGEIFS(cleaned_data!$K$2:$K$1401,cleaned_data!$E$2:$E$1401,"Unknown",cleaned_data!$C$2:$C$1401,"Treatment") -> 0 | E24: =AVERAGEIFS(cleaned_data!$N$2:$N$1401,cleaned_data!$E$2:$E$1401,"Unknown",cleaned_data!$C$2:$C$1401,"Treatment") -> 0 | F24: =AVERAGEIFS(cleaned_data!$P$2:$P$1401,cleaned_data!$E$2:$E$1401,"Unknown",cleaned_data!$C$2:$C$1401,"Treatment") -> 62.166667
A26: Plan Type
A27: plan_type | B27: Group | C27: N | D27: Conversion Rate | E27: Refund Rate | F27: Avg Engagement Score
A28: Basic | B28: Control | C28: =COUNTIFS(cleaned_data!$G$2:$G$1401,"Basic",cleaned_data!$C$2:$C$1401,"Control") -> 221 | D28: =AVERAGEIFS(cleaned_data!$K$2:$K$1401,cleaned_data!$G$2:$G$1401,"Basic",cleaned_data!$C$2:$C$1401,"Control") -> 0.036199095 | E28: =AVERAGEIFS(cleaned_data!$N$2:$N$1401,cleaned_data!$G$2:$G$1401,"Basic",cleaned_data!$C$2:$C$1401,"Control") -> 0 | F28: =AVERAGEIFS(cleaned_data!$P$2:$P$1401,cleaned_data!$G$2:$G$1401,"Basic",cleaned_data!$C$2:$C$1401,"Control") -> 56.970455
A29: Basic | B29: Treatment | C29: =COUNTIFS(cleaned_data!$G$2:$G$1401,"Basic",cleaned_data!$C$2:$C$1401,"Treatment") -> 232 | D29: =AVERAGEIFS(cleaned_data!$K$2:$K$1401,cleaned_data!$G$2:$G$1401,"Basic",cleaned_data!$C$2:$C$1401,"Treatment") -> 0.038793103 | E29: =AVERAGEIFS(cleaned_data!$N$2:$N$1401,cleaned_data!$G$2:$G$1401,"Basic",cleaned_data!$C$2:$C$1401,"Treatment") -> 0 | F29: =AVERAGEIFS(cleaned_data!$P$2:$P$1401,cleaned_data!$G$2:$G$1401,"Basic",cleaned_data!$C$2:$C$1401,"Treatment") -> 62.996087
A30: Free | B30: Control | C30: =COUNTIFS(cleaned_data!$G$2:$G$1401,"Free",cleaned_data!$C$2:$C$1401,"Control") -> 360 | D30: =AVERAGEIFS(cleaned_data!$K$2:$K$1401,cleaned_data!$G$2:$G$1401,"Free",cleaned_data!$C$2:$C$1401,"Control") -> 0.030555556 | E30: =AVERAGEIFS(cleaned_data!$N$2:$N$1401,cleaned_data!$G$2:$G$1401,"Free",cleaned_data!$C$2:$C$1401,"Control") -> 0 | F30: =AVERAGEIFS(cleaned_data!$P$2:$P$1401,cleaned_data!$G$2:$G$1401,"Free",cleaned_data!$C$2:$C$1401,"Control") -> 57.257183
A31: Free | B31: Treatment | C31: =COUNTIFS(cleaned_data!$G$2:$G$1401,"Free",cleaned_data!$C$2:$C$1401,"Treatment") -> 366 | D31: =AVERAGEIFS(cleaned_data!$K$2:$K$1401,cleaned_data!$G$2:$G$1401,"Free",cleaned_data!$C$2:$C$1401,"Treatment") -> 0.092896175 | E31: =AVERAGEIFS(cleaned_data!$N$2:$N$1401,cleaned_data!$G$2:$G$1401,"Free",cleaned_data!$C$2:$C$1401,"Treatment") -> 0.0054644809 | F31: =AVERAGEIFS(cleaned_data!$P$2:$P$1401,cleaned_data!$G$2:$G$1401,"Free",cleaned_data!$C$2:$C$1401,"Treatment") -> 62.204144
A32: Premium | B32: Control | C32: =COUNTIFS(cleaned_data!$G$2:$G$1401,"Premium",cleaned_data!$C$2:$C$1401,"Control") -> 109 | D32: =AVERAGEIFS(cleaned_data!$K$2:$K$1401,cleaned_data!$G$2:$G$1401,"Premium",cleaned_data!$C$2:$C$1401,"Control") -> 0.027522936 | E32: =AVERAGEIFS(cleaned_data!$N$2:$N$1401,cleaned_data!$G$2:$G$1401,"Premium",cleaned_data!$C$2:$C$1401,"Control") -> 0 | F32: =AVERAGEIFS(cleaned_data!$P$2:$P$1401,cleaned_data!$G$2:$G$1401,"Premium",cleaned_data!$C$2:$C$1401,"Control") -> 56.407339
A33: Premium | B33: Treatment | C33: =COUNTIFS(cleaned_data!$G$2:$G$1401,"Premium",cleaned_data!$C$2:$C$1401,"Treatment") -> 112 | D33: =AVERAGEIFS(cleaned_data!$K$2:$K$1401,cleaned_data!$G$2:$G$1401,"Premium",cleaned_data!$C$2:$C$1401,"Treatment") -> 0.0625 | E33: =AVERAGEIFS(cleaned_data!$N$2:$N$1401,cleaned_data!$G$2:$G$1401,"Premium",cleaned_data!$C$2:$C$1401,"Treatment") -> 0.0089285714 | F33: =AVERAGEIFS(cleaned_data!$P$2:$P$1401,cleaned_data!$G$2:$G$1401,"Premium",cleaned_data!$C$2:$C$1401,"Treatment") -> 65.244545

Sheet hypothesis_testing
A1: Hypothesis Testing — Two-Proportion Z-Tests & T-Tests
A2: H0: no difference between Control and Treatment. Significance threshold: alpha = 0.05.
A4: A. Primary Metric — Paid Conversion Rate (Two-Proportion Z-Test)
A6: Control conversions (x1) | B6: =SUMIF(cleaned_data!$C$2:$C$1401,"Control",cleaned_data!$K$2:$K$1401) -> 22
A7: Control n (n1) | B7: =COUNTIF(cleaned_data!$C$2:$C$1401,"Control") -> 690
A8: Treatment conversions (x2) | B8: =SUMIF(cleaned_data!$C$2:$C$1401,"Treatment",cleaned_data!$K$2:$K$1401) -> 50
A9: Treatment n (n2) | B9: =COUNTIF(cleaned_data!$C$2:$C$1401,"Treatment") -> 710
A10: p1 = x1/n1 | B10: =B6/B7 -> 0.031884058
A11: p2 = x2/n2 | B11: =B8/B9 -> 0.070422535
A12: Pooled proportion | B12: =(B6+B8)/(B7+B9) -> 0.051428571
A13: Standard error | B13: =SQRT(B12*(1-B12)*(1/B7+1/B9)) -> 0.011807217
A14: Z statistic | B14: =(B11-B10)/B13 -> 3.2639763
A15: P-value (two-tailed) | B15: =2*(1-_xlfn.NORM.S.DIST(ABS(B14),TRUE())) -> 0.0010986034
A16: Significant at alpha=0.05? | B16: =IF(B15<0.05,"YES - Significant","No") -> YES - Significant
A17: Relative lift (p2-p1)/p1 | B17: =(B11-B10)/B10 -> 1.2087068
A19: B. Guardrail — Refund Rate (Two-Proportion Z-Test)
A21: Control refunds (x1) | B21: =SUMIF(cleaned_data!$C$2:$C$1401,"Control",cleaned_data!$N$2:$N$1401) -> 0
A22: Control n (n1) | B22: =COUNTIF(cleaned_data!$C$2:$C$1401,"Control") -> 690
A23: Treatment refunds (x2) | B23: =SUMIF(cleaned_data!$C$2:$C$1401,"Treatment",cleaned_data!$N$2:$N$1401) -> 3
A24: Treatment n (n2) | B24: =COUNTIF(cleaned_data!$C$2:$C$1401,"Treatment") -> 710
A25: p1 | B25: =B21/B22 -> 0
A26: p2 | B26: =B23/B24 -> 0.0042253521
A27: Pooled proportion | B27: =(B21+B23)/(B22+B24) -> 0.0021428571
A28: Standard error | B28: =SQRT(B27*(1-B27)*(1/B22+1/B24)) -> 0.002471958
A29: Z statistic | B29: =IF(B28=0,"n/a",(B26-B25)/B28) -> 1.7093139
A30: P-value (two-tailed) | B30: =IF(ISNUMBER(B29),2*(1-_xlfn.NORM.S.DIST(ABS(B29),TRUE())),"n/a") -> 0.087392828
A31: Significant at alpha=0.05? | B31: =IF(ISNUMBER(B30),IF(B30<0.05,"YES - Significant","No"),"n/a") -> No
A33: C. Guardrail — Support Ticket Rate (Two-Proportion Z-Test)
A35: Control users w/ >=1 ticket (x1) | B35: =COUNTIFS(cleaned_data!$C$2:$C$1401,"Control",cleaned_data!$M$2:$M$1401,">0") -> 102
A36: Control n (n1) | B36: =COUNTIF(cleaned_data!$C$2:$C$1401,"Control") -> 690
A37: Treatment users w/ >=1 ticket (x2) | B37: =COUNTIFS(cleaned_data!$C$2:$C$1401,"Treatment",cleaned_data!$M$2:$M$1401,">0") -> 176
A38: Treatment n (n2) | B38: =COUNTIF(cleaned_data!$C$2:$C$1401,"Treatment") -> 710
A39: p1 | B39: =B35/B36 -> 0.14782609
A40: p2 | B40: =B37/B38 -> 0.24788732
A41: Pooled proportion | B41: =(B35+B37)/(B36+B38) -> 0.19857143
A42: Standard error | B42: =SQRT(B41*(1-B41)*(1/B36+1/B38)) -> 0.021325592
A43: Z statistic | B43: =(B40-B39)/B42 -> 4.6920732
A44: P-value (two-tailed) | B44: =2*(1-_xlfn.NORM.S.DIST(ABS(B43),TRUE())) -> 2.7045032e-06
A45: Significant at alpha=0.05? | B45: =IF(B44<0.05,"YES - Significant","No") -> YES - Significant
A47: D. Engagement Score — Welch t-test (unequal variance)
A48: Control mean | B48: =AVERAGEIF(cleaned_data!$C$2:$C$1401,"Control",cleaned_data!$P$2:$P$1401) -> 57.029532
A49: Treatment mean | B49: =AVERAGEIF(cleaned_data!$C$2:$C$1401,"Treatment",cleaned_data!$P$2:$P$1401) -> 62.940028
A50: T-test p-value (Excel T.TEST, two-tailed, type=3 unequal var) | B50: =_xlfn.T.TEST(cleaned_data!$Q$2:$Q$1401,cleaned_data!$R$2:$R$1401,2,3) -> 4.5463658e-15
A51: Significant at alpha=0.05? | B51: =IF(B50<0.05,"YES - Significant","No") -> YES - Significant
A53: E. Revenue per Converted User — Welch t-test
A54: Control mean (converted only) | B54: =AVERAGEIFS(cleaned_data!$L$2:$L$1401,cleaned_data!$C$2:$C$1401,"Control",cleaned_data!$K$2:$K$1401,1) -> 1630.1036
A55: Treatment mean (converted only) | B55: =AVERAGEIFS(cleaned_data!$L$2:$L$1401,cleaned_data!$C$2:$C$1401,"Treatment",cleaned_data!$K$2:$K$1401,1) -> 770.4142
A56: T-test p-value (two-tailed, unequal var) on converted users only | B56: =_xlfn.T.TEST(cleaned_data!$S$2:$S$1401,cleaned_data!$T$2:$T$1401,2,3) -> 0.079109232
A57: Significant at alpha=0.05? | B57: =IF(B56<0.05,"YES - Significant","No") -> No
